patient_id,age,gender,diagnosis,treatment,comorbidity_score,hospital_visits,treatment_duration_days,outcome
01908e5f-4e6c-4893-9498-6b50bea2b79c,82,Male,Cancer,Therapy X,6,10,363,0
c9d59e93-8a78-47f3-a0b6-25ee59b2b5be,23,Male,Diabetes,Lifestyle Change,8,19,260,1
aeb92d83-4f01-4a2b-9bab-0dac6c2545b7,28,Male,Heart Disease,Surgery Y,1,7,331,0
5b1f7c26-b529-47f4-bc61-9abd3bc01189,41,Female,Hypertension,Medication A,4,2,203,0
c36d738e-4d5c-4a2f-9db3-cbe85f4639a6,20,Female,Heart Disease,Therapy X,8,18,245,0
11f44355-b42c-43aa-8de9-2a5f7d279261,78,Female,Asthma,Medication A,7,17,337,1
a72d3898-e12a-425e-904f-64f55a5e4f82,39,Female,Heart Disease,Surgery Y,4,20,316,1
4c41631e-e03a-4dd4-8f61-71b6aae96e5e,32,Male,Diabetes,Lifestyle Change,2,14,195,0
a9843f8f-616f-4a88-9661-cfcc391b0ced,77,Female,Heart Disease,Lifestyle Change,1,7,160,1
54789518-8924-4209-aebc-e2d19f92c06c,53,Female,Cancer,Surgery Y,1,17,329,1
f263496b-2158-40da-a16f-6fdf99f2dae0,75,Female,Diabetes,Lifestyle Change,0,7,229,0
df884403-d127-4b4f-abfd-3881e791e15a,49,Male,Cancer,Medication B,4,14,338,1
434ebaf9-3a71-4d17-b63f-9e13360bdbd6,44,Male,Asthma,Medication A,2,20,249,0
d8541f42-dfc2-495e-9db1-b0acb154daad,80,Male,Heart Disease,Therapy X,6,6,287,0
aab8ca99-0ecf-4eea-8a2e-9b788f136edd,29,Female,Hypertension,Lifestyle Change,10,19,207,1
b0127851-b2fe-420c-8b5d-465a4bda5fbf,64,Female,Hypertension,Medication A,6,12,271,1
92d5f19d-3bbd-4d77-b4a0-09e5c3d18032,25,Male,Heart Disease,Medication A,6,19,72,0
e7233e5f-b014-4f68-b9f6-e5cdada3f665,38,Male,Heart Disease,Medication B,9,4,120,1
25e77759-313a-44fc-aebc-da260e84aa4d,50,Female,Asthma,Medication B,5,12,229,1
28586e3b-f07a-4c4b-8803-97b3a6fc4601,54,Male,Cancer,Surgery Y,9,1,12,0
17c26526-d1cb-48d4-85b2-385d595070b8,48,Female,Heart Disease,Medication A,5,3,119,1
c2b3f087-0c57-4545-990e-f4223442bf8d,51,Male,Cancer,Therapy X,10,20,350,0
81cc175f-65c8-4af1-9592-0ef3b711f885,42,Female,Hypertension,Medication B,5,7,297,0
a8926a21-d494-4bb9-9f7d-a2f6a6f69c38,52,Male,Heart Disease,Medication B,6,7,174,1
02798148-275e-4d58-8540-b1c61ac45c98,42,Male,Hypertension,Therapy X,4,16,65,1
95bfec2d-c5c5-4b2c-95b0-736fefcdc9ca,24,Female,Heart Disease,Lifestyle Change,5,15,173,0
35c78052-7184-443e-95f6-22e8e1b2952d,39,Male,Heart Disease,Lifestyle Change,1,13,276,1
aca3322a-5ce5-4e24-892c-89226789bd54,63,Female,Heart Disease,Therapy X,4,19,257,1
2a5e61df-a674-4291-bc3b-866a0a6b9461,32,Female,Cancer,Medication B,4,9,360,1
c0c3a1d0-5735-402a-8900-38a0a9d7da91,54,Male,Hypertension,Medication B,5,16,65,0
08b17427-2b98-45bb-a43c-387ad344479d,34,Male,Cancer,Surgery Y,8,16,288,0
39b4731a-de95-4a8b-89e3-3e0195db51bc,74,Male,Asthma,Lifestyle Change,9,11,369,0
0f9032db-fedd-4c18-af60-e40fb7f5be42,30,Male,Hypertension,Surgery Y,7,9,155,1
96199a91-b21e-4c13-9d1b-a7166c46df7d,43,Female,Asthma,Therapy X,0,15,42,0
52925991-a605-495e-9cc1-68f9e88162da,36,Female,Diabetes,Medication B,7,19,167,0
d4f8d544-8382-4462-83eb-1cc0c91ab854,37,Female,Hypertension,Lifestyle Change,4,11,319,1
10fcd4fc-0df9-4a51-bd19-4f3be6313229,77,Female,Asthma,Lifestyle Change,5,19,195,0
2be623ef-0db2-4a7c-85b5-253f7b101329,26,Female,Diabetes,Medication A,10,11,100,0
38323eb5-3e0e-4560-aa3c-619d8acc5e81,41,Female,Hypertension,Surgery Y,1,15,103,0
d34c0eab-aae1-4fff-b7bf-731a09f9ddf1,77,Male,Asthma,Surgery Y,6,2,299,1
692fe28f-363d-4c78-82dd-db09a707c131,23,Female,Cancer,Therapy X,7,19,285,1
26065c11-0485-40ca-817c-620f30058fd0,32,Female,Heart Disease,Surgery Y,9,19,237,1
ed04cd75-b7e4-4a25-8cc3-b42940de8f95,33,Female,Diabetes,Therapy X,7,3,377,0
e48b7f19-6128-4fdf-8504-5f30fe06a13e,34,Female,Cancer,Medication B,1,20,143,0
b0830e75-0a54-47b2-aeee-24e1b2970ac2,56,Female,Heart Disease,Therapy X,2,1,37,1
368ad97e-b146-4f5f-8adc-90fdf9fcca48,29,Male,Cancer,Medication B,3,5,185,0
d20155c1-66ab-4988-8b0f-ffe8fb63ad3d,42,Male,Hypertension,Lifestyle Change,3,17,155,0
d52c7ba0-e966-491b-84c4-abe47120f9bf,35,Female,Asthma,Surgery Y,1,18,15,1
cd1b4d4a-f874-4408-a587-ac34dd6b011f,81,Female,Cancer,Therapy X,10,18,367,0
4764625c-362c-47d3-8c07-b0a9c4d1a844,30,Female,Hypertension,Lifestyle Change,3,3,255,1
2f1c9ec8-5686-4a18-8a7d-f428bc9eb1db,51,Female,Heart Disease,Medication A,4,11,114,1
6c7081e2-22d9-4c02-b3b5-3a0f482acf6e,72,Male,Asthma,Surgery Y,9,15,19,1
3ac42c29-62e1-4823-a35a-37b7e7f0127c,80,Male,Heart Disease,Lifestyle Change,4,11,204,1
005070ff-506c-42ff-85c3-9747d0f3d5ed,20,Female,Cancer,Medication B,9,9,351,0
716164b9-b7ec-459e-8c15-e7fed39482b4,45,Male,Asthma,Therapy X,7,4,167,0
7f994359-df90-472f-9a7c-8ef3435b3202,41,Female,Diabetes,Therapy X,4,19,123,0
c56e5e3d-2c00-45d8-8219-84ff4675adda,69,Female,Hypertension,Therapy X,8,1,104,1
96770540-75b4-4794-9859-d2e0c648ab3f,78,Female,Hypertension,Lifestyle Change,7,16,279,0
f02ae4f0-56b9-4fe5-9258-facd64bc6a2e,79,Male,Hypertension,Medication A,3,3,234,1
1645c9bc-d822-4743-af14-468f17927d95,40,Male,Heart Disease,Medication A,6,14,159,0
0d0d59a0-97a6-4238-a5c3-4b9fd392e340,22,Male,Heart Disease,Therapy X,4,7,320,0
27403850-00f9-41eb-a358-610043234779,66,Female,Heart Disease,Lifestyle Change,9,5,275,1
4f5103f2-b2cf-47bd-9fce-74a46d959951,71,Female,Heart Disease,Lifestyle Change,10,3,188,0
539f7bac-8609-48f6-b52b-956410861e9a,70,Female,Heart Disease,Medication A,6,5,256,0
cb8190bd-0a10-4a94-b58e-2141d185ca15,33,Female,Hypertension,Lifestyle Change,5,20,378,0
1c6f2279-c36d-43b8-b81c-57dff2e67e8e,71,Female,Cancer,Medication A,3,15,329,0
5e23b610-ece1-431e-ae3a-990b50d63e9e,65,Female,Hypertension,Surgery Y,4,10,146,1
d2ca88db-99a7-4f8d-8fff-889695af59a1,55,Female,Diabetes,Therapy X,3,8,107,0
888c2ce0-cfbd-41bf-8425-337cdd87c28a,61,Female,Heart Disease,Medication A,9,5,109,1
a0dfde7c-649f-47ce-afe1-cfe3b601f304,29,Female,Diabetes,Surgery Y,2,2,387,1
567092b7-27d2-4f43-98ce-21a855295fee,34,Male,Asthma,Therapy X,3,3,169,1
529ca7a4-9ba9-4b1d-b06c-31b4460cc184,80,Male,Diabetes,Lifestyle Change,5,17,41,0
f9f913c1-7e52-48e0-b2f7-3c71bee7703a,49,Male,Asthma,Medication B,7,12,133,1
137c00b5-87a9-4f46-92f5-d6bcbbec37d9,68,Male,Asthma,Therapy X,5,17,117,1
892addfa-465d-4722-9e89-85021911e30a,53,Male,Heart Disease,Medication B,3,17,322,1
c4504797-caec-45a8-b930-36ee033b1379,72,Male,Heart Disease,Surgery Y,2,3,74,1
861b8252-6278-448b-b40a-774be8a7e3fd,82,Female,Heart Disease,Surgery Y,8,7,53,0
40735e35-d092-42c4-91d9-ce6c265a871a,60,Female,Hypertension,Medication B,8,10,34,0
eef3b808-8f4e-452f-ac8e-f93df1269197,74,Male,Heart Disease,Medication B,8,4,232,0
f816ad1a-0d97-4ae5-9062-9a28b46682b8,64,Female,Heart Disease,Medication A,4,6,378,0
2c3ad8fc-defb-47b4-8288-80430c755e04,34,Male,Diabetes,Lifestyle Change,4,2,249,0
5b32e4f5-3baf-47f4-9f9f-7aad55c55d79,36,Female,Asthma,Therapy X,0,16,172,0
65ee33ee-b9ca-4d8e-b35f-ba284f9ef49f,20,Female,Diabetes,Medication A,0,20,99,0
b65626f0-c5b6-4644-92ab-1466862c13cb,37,Female,Cancer,Surgery Y,3,3,63,1
50350fa8-1d68-4861-ab8c-d253b7a192db,78,Female,Cancer,Therapy X,8,7,177,1
d6890046-1fe7-456b-bbe1-6df8623f48b0,84,Male,Cancer,Therapy X,2,17,308,0
464b3df7-268d-4bcb-ae9d-b3a33099fa9c,41,Male,Diabetes,Medication B,6,10,23,0
e714babb-2af2-4f49-8ab5-7dbc16aa0a03,45,Male,Hypertension,Surgery Y,3,17,299,0
a37f137c-11af-473e-9433-c3b832927c36,33,Female,Cancer,Therapy X,7,10,84,1
bfd941ac-2616-4c09-9252-d1bde7652d7b,32,Male,Heart Disease,Therapy X,8,8,180,1
b4776d8b-f168-43c2-83ad-fc4c396ac4ee,23,Male,Hypertension,Therapy X,3,8,55,0
fc343973-b593-4f88-971f-73696136be39,83,Male,Hypertension,Therapy X,5,1,114,0
26e41e88-72de-4b37-9b02-d1ba46aa5c7a,53,Female,Heart Disease,Medication B,0,19,196,0
a78719a4-7dd1-4936-bd77-a7d9dee2acb1,79,Male,Diabetes,Therapy X,4,10,176,0
e7ea7d41-28a5-4d27-a329-05c8483fae24,40,Female,Cancer,Therapy X,5,16,375,0
68c9b5d2-2f42-4882-b2d4-6bdaa604855d,27,Male,Diabetes,Medication B,8,7,61,0
c3a47d99-3758-4f19-b803-f3460c942948,38,Male,Hypertension,Medication B,5,8,19,1
cb3e7dc6-60b2-4e20-9a2b-345d02fb1905,23,Male,Diabetes,Therapy X,6,3,33,0
7284a927-7db6-4d85-934e-c4da95b66f6e,60,Male,Asthma,Medication A,7,18,167,1
356396cb-fa6d-488d-a625-08a54155c77a,27,Male,Asthma,Medication B,5,9,29,0
3170cee1-bf82-4d29-b0cf-67bc3a28b3a2,28,Male,Hypertension,Lifestyle Change,4,12,219,1
ce92308c-e777-42c5-8c8d-578da670855e,30,Female,Diabetes,Medication A,7,20,287,1
a16a95b8-eacb-451a-82d7-444d9c33c45a,67,Female,Diabetes,Lifestyle Change,4,6,11,1
c7e79e0b-b4fc-4f12-91be-bd8ac0aeb10f,58,Male,Hypertension,Surgery Y,10,5,72,0
a415294b-5e47-4650-a767-976ae903cf1d,36,Male,Cancer,Surgery Y,8,7,230,1
6e5e21cd-245b-4f89-9a68-f639b08660c3,27,Female,Hypertension,Medication A,9,1,315,1
2c78dd80-2d3a-482f-8eb8-d5fde0825230,36,Male,Diabetes,Medication A,7,18,195,1
812699b1-dbde-4bd8-8475-751c953c0389,38,Female,Diabetes,Lifestyle Change,2,10,292,1
f5dc3494-2f0e-4a30-a551-d63fc91a003b,79,Male,Diabetes,Surgery Y,1,7,182,1
51f26f80-3518-40f5-8909-04dc36a88b16,67,Female,Diabetes,Therapy X,7,5,294,1
4a3c11b1-cc50-432e-a049-90eff313077d,35,Female,Cancer,Therapy X,0,14,55,0
3609b470-0486-4beb-b99a-303bc5fba052,39,Female,Cancer,Therapy X,6,1,16,0
2326d6c4-d022-4422-888f-1bbc16252e8a,51,Female,Hypertension,Medication A,10,9,76,1
43b606d8-44d2-4100-be2c-102e22dbaa2b,43,Male,Hypertension,Lifestyle Change,4,3,356,1
8fe94d65-7681-45ed-bc08-5c2fce0d78d8,29,Female,Diabetes,Medication B,4,9,290,1
60e9d762-950b-4057-b6c8-93fa09ef7a4f,45,Male,Diabetes,Medication B,4,16,182,0
75df5764-b9ab-44e3-91e3-6257598559bf,72,Male,Hypertension,Surgery Y,3,9,265,1
4bab1c5d-dc4c-465f-a5db-0606a1498aac,30,Female,Heart Disease,Medication A,6,11,40,1
ce1477da-ac98-401e-9fbf-24614689828b,32,Male,Hypertension,Therapy X,5,8,18,1
3f390f7b-557a-45b9-94bb-0a494b9ab5c2,20,Female,Diabetes,Lifestyle Change,5,15,300,0
597a16e3-1f89-4983-a55b-2c4a65b6f1b7,50,Male,Heart Disease,Lifestyle Change,6,14,26,0
a51d74d0-6f15-4f62-bee7-bb403069d16a,49,Male,Asthma,Therapy X,4,20,322,0
0135e303-e37e-4d4c-8bc0-467f129e0756,54,Female,Asthma,Surgery Y,2,8,58,1
c6c8760f-5b9c-4531-ab8f-20c1610559a2,85,Female,Heart Disease,Lifestyle Change,2,13,233,0
f0ba3a7e-e85e-4bcb-b0f4-95713584ec1e,22,Male,Heart Disease,Surgery Y,9,9,201,0
a3c08a7d-aacc-45c9-a57f-855314aaf4ba,28,Male,Cancer,Therapy X,0,1,323,1
e0e93ef4-2153-413f-8680-afecc8386819,54,Female,Heart Disease,Medication B,4,10,180,1
84daa649-1c66-4b81-8494-1a4896428b80,82,Male,Hypertension,Medication B,4,4,249,0
da1d6bc7-7959-40a5-89ac-0e37b5b26952,43,Male,Cancer,Lifestyle Change,9,15,66,1
6a8cc553-5876-499a-b039-f364c117cef3,70,Male,Asthma,Lifestyle Change,7,18,387,1
86577d8f-0c25-47b5-ac33-4085dc62e41b,38,Female,Heart Disease,Medication A,7,5,75,1
c92c51b4-5a83-4340-a382-51f2c06f3433,51,Male,Asthma,Medication B,0,3,236,0
d2c44b3f-c885-41d5-b711-524bd470df98,48,Male,Heart Disease,Medication B,2,13,114,0
dd92453a-1a0e-4b7b-a98d-9ae867a15819,80,Female,Cancer,Medication B,6,18,223,1
3745b049-6498-4be4-9056-86032baf4022,25,Female,Hypertension,Medication B,2,15,157,0
957821b7-9f9c-4397-9380-99d1f25d6cfd,36,Female,Heart Disease,Lifestyle Change,1,5,69,1
c5865943-ac87-4f95-bf8e-52094cbc922a,47,Female,Asthma,Therapy X,5,8,150,1
3ac3dff5-40c0-4d4a-af1e-03a1c596d1ff,46,Male,Hypertension,Surgery Y,5,15,355,0
4df028a1-997c-4b4c-85d8-17668a090d6a,57,Female,Diabetes,Medication A,6,13,236,1
ceacb4c9-9fb6-4e50-836a-2756612476dc,61,Male,Hypertension,Medication B,5,3,110,0
7f76b5af-2a23-4a97-919e-3646a4164af8,29,Male,Cancer,Lifestyle Change,2,8,246,0
e5695acc-c0e7-41fe-88bd-6e5bdb7717d4,24,Male,Heart Disease,Surgery Y,1,17,270,0
96a5bed8-0fff-460f-b6ed-cbfa9804e6f3,44,Female,Heart Disease,Medication A,7,2,322,1
f369ed4e-1db9-4d67-94e3-6fa261ca6613,61,Male,Heart Disease,Lifestyle Change,9,9,173,0
238468e2-8217-45da-ae40-c068b8c5b367,42,Male,Diabetes,Lifestyle Change,5,4,33,0
57b4191f-c7f8-495f-8c7c-5bb0290e920b,70,Female,Hypertension,Medication A,4,3,151,0
659a3885-1a77-49ca-92c2-04976ec12b05,64,Male,Diabetes,Lifestyle Change,2,17,356,0
f90da4dd-2959-45c2-bcab-9ce1969d030f,64,Female,Cancer,Lifestyle Change,7,17,218,1
554d72f6-d4df-4e19-96db-97912e21d54d,25,Male,Hypertension,Therapy X,3,20,52,1
ed7e29bf-7937-4cde-86b5-2c99a6a5b39e,53,Male,Heart Disease,Medication A,7,4,346,0
afe92e92-9f95-4e6b-b564-df4d10dfb4c4,49,Male,Hypertension,Therapy X,8,3,140,1
b5dffddc-8c8f-46a1-94ab-eb6e6dc7515c,72,Male,Diabetes,Surgery Y,6,19,177,1
142db4ca-7ebe-4b3a-9a03-c6a52994f2fc,43,Female,Cancer,Therapy X,8,19,256,0
7af04c60-b9a0-4a6f-9f44-fd45aec8714f,40,Male,Cancer,Medication B,6,20,345,0
7e96fc49-54d7-4b15-8328-7c3b9d9d74d3,70,Female,Hypertension,Therapy X,4,19,296,1
233c4bb3-54c6-4b94-b6a2-90ea954597e9,25,Female,Asthma,Lifestyle Change,0,6,55,0
5eb25aa4-f5d5-4d3b-b861-758a23a9de34,80,Female,Hypertension,Medication B,10,16,380,0
d30d1ade-ad56-4352-9fb7-bed2c0e9c0dd,36,Female,Heart Disease,Medication A,3,9,268,1
415255b7-e248-44a5-9c12-d560140c40c7,70,Female,Hypertension,Surgery Y,4,8,76,0
05457fc7-72c0-492b-be30-28fb0a7120bf,40,Male,Diabetes,Medication B,2,9,236,1
0ea5ad29-cf54-48cd-a75c-7b46f0e45a9e,40,Male,Diabetes,Medication B,4,16,32,1
c1b9e00f-f468-4389-bed4-a42dee1fbdaf,38,Female,Cancer,Medication A,0,18,332,1
69d7eb17-280b-4978-a9fe-e1a343ae69bb,70,Male,Diabetes,Medication A,3,6,204,0
5c51b847-3f96-45b5-9644-25d4bace8d1e,37,Male,Diabetes,Therapy X,9,17,270,1
d5c4c181-530a-4b04-921a-7149a27a94b5,28,Female,Diabetes,Medication A,1,3,399,1
18410eab-b71e-40ee-ae9c-da74ffef1ce6,49,Male,Heart Disease,Lifestyle Change,10,13,339,0
c294cac3-64a0-41a4-8d28-aef6041fed5b,74,Male,Asthma,Lifestyle Change,1,20,50,1
c0435f16-c7c8-437c-bc9f-a457d36dfdd0,72,Male,Hypertension,Medication B,7,10,172,0
d8835a5f-0e4c-47f4-9251-ba1262875f7b,33,Male,Heart Disease,Lifestyle Change,2,13,163,0
d7d455a4-07cc-4bdc-8987-91d5e4d86600,31,Male,Hypertension,Medication A,3,14,321,0
bff5e70b-b610-4323-8694-3e349362f60d,24,Female,Asthma,Medication A,0,10,211,1
2e569a42-b1f2-48c0-a918-b992b30821a0,20,Female,Heart Disease,Medication B,6,4,194,0
b9ffee67-b72c-454e-9846-cb81fdb19202,32,Male,Hypertension,Surgery Y,7,3,394,1
9518aa4e-70a3-4030-bf27-90ffe101bafe,30,Male,Hypertension,Therapy X,3,6,58,1
1007183e-15c2-4cd7-8117-a1d0b49d12d3,27,Female,Diabetes,Surgery Y,3,13,48,0
301ba154-9731-4ac5-8e10-e5d6a572bccb,32,Female,Heart Disease,Medication B,0,14,119,0
c88d53be-e635-4cd3-8adb-d8cbfdf440c2,57,Male,Cancer,Lifestyle Change,9,12,371,0
ef56a90c-9154-4974-a489-a522e2e3b19d,32,Female,Diabetes,Lifestyle Change,0,19,338,1
d0f3f906-6565-4311-993e-36a01f560e6e,37,Male,Asthma,Medication B,0,15,287,1
57f28402-bb6a-499f-9a03-715d304ee248,50,Male,Heart Disease,Lifestyle Change,0,16,224,1
ce4e07b0-eba9-483c-a475-2c054b7a7d37,46,Male,Diabetes,Medication A,9,17,290,1
01c1d700-ba08-49ba-bd0c-c3b892f35378,37,Male,Hypertension,Therapy X,8,2,286,0
9b365648-354e-44c6-9559-ebc372b61362,42,Male,Asthma,Medication A,8,16,382,0
e02494ed-efe5-447f-94b9-70c2a72c9a73,51,Male,Asthma,Medication A,7,11,338,1
f0d8b97a-f667-4f42-a26f-c08567bd7279,57,Male,Heart Disease,Medication B,10,15,278,1
70335f55-56ec-480b-b5ba-b8ae101e2d2b,56,Male,Diabetes,Surgery Y,8,1,286,0
8767783f-0f03-42bc-b79d-488e5fa55030,74,Male,Diabetes,Medication B,1,1,46,0
474f44ad-e8ca-4553-a6ab-274808c30e8c,64,Male,Heart Disease,Surgery Y,10,19,304,1
92756066-1f2e-4422-b733-25728b6d59e2,46,Male,Hypertension,Surgery Y,1,3,257,1
1d87d66d-76bf-486a-aa90-f9531338b769,62,Female,Heart Disease,Therapy X,0,2,78,0
7053c21d-8554-48d1-8d79-b30935d7425a,44,Male,Diabetes,Therapy X,3,11,393,0
0cf94a8f-a4d2-4d58-952e-d801cd6d23d0,72,Female,Cancer,Medication A,2,3,283,0
3180079a-3ec9-46b3-998c-120d6896df23,80,Female,Cancer,Surgery Y,3,1,340,0
8caef128-6eb2-4285-a157-91203218f7c5,22,Female,Cancer,Therapy X,5,14,299,0
baaeaf44-bd7e-4a06-bd92-9ae630c9b014,83,Male,Heart Disease,Lifestyle Change,7,5,327,0
7221ba65-b158-46b7-a86d-e46b2c275a6a,65,Female,Hypertension,Medication A,0,11,133,0
c710c791-bab0-44ac-bbed-fa7d01dc42ed,53,Male,Hypertension,Medication B,6,8,238,1
6755cac4-7346-4d22-8611-99ae40abea6a,32,Male,Diabetes,Therapy X,7,14,32,0
4e5744b1-ccd6-46b9-b928-09631d68dce2,26,Female,Cancer,Medication A,1,15,289,0
c5c730aa-49bb-438b-9b76-d5a78869ff23,52,Female,Heart Disease,Medication A,10,9,302,1
c956f8d8-1722-457f-a1e2-b122f6521423,23,Male,Cancer,Medication A,2,17,214,0
06a9dc19-89db-4852-9eea-1fab4dd94462,56,Male,Cancer,Medication A,1,2,66,0
720c030d-702b-4551-a655-51a5b219f27c,34,Female,Hypertension,Medication A,7,11,289,1
2cb987e4-38e1-4527-a39b-8bd9d2af64a6,66,Male,Hypertension,Therapy X,7,9,72,0
736f52a6-bd84-4eb0-affb-f9691142ed38,37,Male,Heart Disease,Medication B,5,12,267,0
6175f014-f351-46ba-a648-3ed9dadfe00d,20,Female,Cancer,Medication B,10,11,151,0
75ee4f73-a416-45eb-934d-70954a491474,70,Male,Asthma,Medication A,8,1,232,1
0d9ae9c2-e911-4a9a-80e4-b6ed8f59977a,47,Male,Hypertension,Lifestyle Change,1,8,354,1
4de69a01-6281-4d47-820c-6cc5cc0b5fff,34,Female,Cancer,Surgery Y,9,12,285,1
7ca1fff4-ffea-4bc7-8989-1485c217167b,38,Female,Asthma,Medication B,0,16,264,0
7885e9ff-5372-4230-80f2-bc00ff1233ed,44,Male,Cancer,Therapy X,6,8,101,0
de9bbfb4-7fb2-4ad6-b24f-02167d35268a,23,Male,Diabetes,Lifestyle Change,10,6,293,1
468e836b-e550-441b-80c8-1dfb820596f6,33,Female,Heart Disease,Medication B,4,14,378,1
31207026-69b3-4703-baa6-0a924200b4e9,26,Female,Hypertension,Surgery Y,10,7,238,0
084b47ae-67de-4717-8450-4cf6a6621e03,46,Female,Diabetes,Surgery Y,9,12,375,1
fda6cad1-73c4-430d-8b2e-93d06655509d,46,Male,Asthma,Medication B,0,11,125,1
73c99dcd-b72e-43a5-94af-9f188db779e4,25,Female,Heart Disease,Surgery Y,10,5,400,0
59f85c4c-b335-4a8d-878a-62193508cbf1,54,Male,Hypertension,Therapy X,9,5,252,0
6694b421-0cc7-478a-8ad4-582192fec34c,29,Male,Hypertension,Medication B,10,19,260,1
3eac9b75-f7da-4bf1-a2a7-5720251fca45,24,Female,Asthma,Medication A,9,9,250,0
5ac4a641-c033-4e78-993f-115e36d6d628,83,Male,Diabetes,Surgery Y,5,6,289,1
586e2893-50ac-4fa3-9dfc-e9c8873224ef,61,Male,Hypertension,Therapy X,10,16,25,0
4f227171-f653-44aa-9225-0433c308a113,45,Female,Asthma,Surgery Y,2,6,396,0
99764d63-c7d4-48ae-90c8-b94cabf2e7fd,77,Male,Cancer,Therapy X,5,2,319,0
ba84a739-a0f0-45d2-a932-bdeaad0fc900,60,Female,Cancer,Therapy X,1,2,330,0
0b6fd1bf-cc0c-4499-951e-c35d28c57a7a,30,Female,Heart Disease,Medication B,7,3,360,0
1f9249bb-cf94-48e1-a45f-90ead39b2516,77,Female,Cancer,Surgery Y,0,7,314,0
1a81e4c3-c55c-45a9-b21c-ec523dc967f4,63,Male,Asthma,Medication A,3,3,242,1
5605fcfe-38cd-44fb-8ac1-35ff7ad23406,30,Female,Asthma,Therapy X,1,14,102,0
dcf016a5-1296-4b41-a6e3-476b701c30d7,76,Female,Diabetes,Medication B,3,12,300,0
45edea94-f80b-42d2-a237-cfc6b0eca714,72,Female,Asthma,Medication B,3,16,42,0
f9a63214-56c0-4747-9bf8-e0102ef596f9,20,Female,Heart Disease,Surgery Y,3,20,151,0
52ddd807-7d1c-43b6-9db5-fe67669fca91,82,Male,Asthma,Surgery Y,6,20,354,1
2da7a123-10a1-4fa8-ae7b-b0f942413b60,73,Male,Cancer,Therapy X,9,5,213,0
6bef0cd0-7cba-412d-827e-6bc0ec3bdb81,72,Male,Asthma,Surgery Y,5,2,186,1
2dedfaa5-7692-4998-9b14-184dcea1705f,21,Female,Cancer,Medication A,9,9,281,0
208ac3cf-57b4-4423-a550-5bdd434f1f3e,28,Female,Hypertension,Medication B,10,7,333,0
43804898-06e4-458f-87b9-3277ecff054b,74,Male,Hypertension,Lifestyle Change,3,7,179,1
f0a83ac5-7f91-489e-8d50-389270f9fb33,34,Male,Asthma,Medication B,8,8,77,0
d3823401-c019-4938-8bba-05e65d228df2,21,Female,Asthma,Medication B,9,16,319,0
3cf0343c-c682-4c9f-b9a0-effaef710668,57,Female,Asthma,Lifestyle Change,10,12,56,0
7f813458-d73a-4639-ac58-14046910f693,24,Male,Diabetes,Surgery Y,6,19,166,1
5acdcbb7-fc12-4666-91b2-60e876489819,35,Male,Asthma,Medication B,4,2,170,0
e3f9fdc2-9888-43fb-9678-4611e4c99f93,77,Male,Cancer,Therapy X,6,16,274,1
bdaff683-781a-4e69-bb3f-700d52a8215b,71,Male,Heart Disease,Surgery Y,4,18,39,0
e69d1713-cdc7-4427-860b-54e439ba1c04,42,Male,Asthma,Surgery Y,6,17,229,0
80e1212d-1051-40d3-8eba-48ee9382c5cd,73,Male,Diabetes,Therapy X,0,20,198,1
079e4384-4604-4137-ba93-0a1ff280db69,74,Male,Hypertension,Lifestyle Change,1,19,114,1
cbc20f7b-2c97-454c-ac1d-44abc95bc021,77,Female,Heart Disease,Surgery Y,3,18,100,0
1df50aeb-5f4d-4002-a8f6-fdd4173309a9,82,Male,Cancer,Medication B,10,8,19,0
f4dce27f-9638-4c59-90a9-f7042116b278,74,Female,Asthma,Lifestyle Change,0,12,254,1
ad765648-d14f-4f05-a28c-4d9a02b1ff59,59,Female,Heart Disease,Therapy X,3,19,111,1
64479b96-d57a-4c42-8f32-9cc35f089bd8,79,Female,Hypertension,Therapy X,9,10,254,0
dab2c92d-1505-44d0-8b48-1ad428155228,40,Female,Cancer,Therapy X,0,13,186,0
1dab5e85-5bd9-4bed-a19a-85a80d16db2b,38,Female,Asthma,Medication A,1,1,24,0
45c00f94-b520-4365-8a2a-44c4003bceb1,75,Female,Cancer,Surgery Y,0,18,185,1
5aa78cb6-b2f5-4431-95e2-bdb95aea39c7,52,Male,Asthma,Therapy X,2,12,305,1
713def70-899f-417e-8327-11f2795ad992,67,Male,Asthma,Medication A,1,5,12,0
f7efea93-cb59-4c5d-aabb-ba178b2db4a6,22,Male,Heart Disease,Lifestyle Change,10,6,242,1
a91420ef-0bb6-4353-be44-1e9c6696a16e,34,Male,Diabetes,Medication A,2,9,400,1
43ebe763-f2fa-41d3-86fd-f749fee67f1f,67,Female,Hypertension,Therapy X,10,18,391,1
8b9f101c-578e-4233-82cb-aaa5020047cf,40,Male,Asthma,Surgery Y,0,16,67,0
ad39da02-2004-4e87-bde3-01af27e79c12,52,Male,Cancer,Lifestyle Change,5,3,148,1
10de41ac-c6eb-434e-82bd-465ff077ca1b,25,Male,Heart Disease,Therapy X,4,9,146,0
beddf85d-1b16-4050-954a-b9b500b9e4c6,48,Female,Hypertension,Lifestyle Change,1,20,49,0
7faf3dc0-e92f-4684-bbf4-7c4a476a261a,51,Female,Asthma,Lifestyle Change,10,10,40,1
50d14cc2-3bf2-423f-b439-d8e7f3a2e331,65,Female,Heart Disease,Medication B,5,10,262,1
da75fa1b-92d7-4312-8ae3-b9b1f8a8a078,57,Female,Heart Disease,Lifestyle Change,7,16,101,0
a4729e2c-dcab-417e-9a6b-b33573702e1f,81,Female,Diabetes,Surgery Y,4,16,123,0
98485316-9e57-464e-bd3b-da52f56a9b48,74,Male,Hypertension,Medication A,5,19,323,0
aa02ac01-eaa3-4449-9cc8-f73b653c88eb,37,Female,Diabetes,Medication A,8,6,161,0
21f0931b-9401-4310-bf79-03bd6d1e0181,25,Male,Diabetes,Therapy X,9,18,103,0
5e46a1e7-bd10-4e7c-852c-16fa661e2a4b,76,Female,Asthma,Therapy X,0,6,96,1
4be3a0d6-fb64-4034-87a6-d3689fcc4e78,81,Female,Diabetes,Lifestyle Change,8,10,308,1
9b9adb87-1a20-4e1c-b5c0-07e5843357f9,64,Male,Diabetes,Surgery Y,8,10,190,0
d002b7ef-6f2d-4b55-883c-0a4eed5a9fb1,20,Female,Diabetes,Therapy X,6,2,284,1
83d449d0-ab23-4641-bd24-e63ed910430a,58,Female,Diabetes,Therapy X,3,19,227,0
b1d974ed-90a2-4a9a-bae0-735f765f09f3,54,Male,Asthma,Medication B,6,18,259,1
9cfa4ede-ec85-458e-a070-48d4f7fa0587,33,Male,Diabetes,Surgery Y,3,15,370,0
bfc23ac7-65e4-4017-9457-8d09f9bf760d,60,Male,Asthma,Medication B,8,20,251,0
b3410712-e9af-467d-877e-7d6a99999ebe,79,Male,Cancer,Therapy X,7,18,268,0
9b965e65-5cfa-4be9-98e0-b8eb8e265b29,71,Female,Heart Disease,Medication A,5,13,370,1
471c533f-3462-4c9b-86f8-9718c2ea4dcf,68,Male,Cancer,Medication A,8,14,346,0
b2c56ba8-e602-49a0-a6be-ddae030ecdc8,70,Male,Asthma,Therapy X,7,14,276,1
9496dd4c-f502-44ca-aa86-85e6635a1664,54,Male,Asthma,Medication B,0,15,318,0
bccd0aa2-0f45-4956-aa05-1e4a5a3043bf,69,Female,Cancer,Medication A,8,18,73,0
7acccac1-1a05-4d95-be26-5a7a22df76a9,85,Male,Heart Disease,Therapy X,3,1,266,0
67590599-c706-4611-877d-aab69abf54a4,62,Female,Diabetes,Medication B,1,20,109,1
fd7310d2-9130-433f-a538-f20a769cd807,34,Male,Diabetes,Medication B,4,1,89,0
a6bb6233-2dc9-4b6d-8fad-85e6b7333443,36,Male,Cancer,Medication B,7,2,244,1
e5d2bc07-e584-4cae-840a-f62a8f2a196f,47,Female,Hypertension,Medication B,2,17,331,0
b1519b28-12e4-4def-a868-0a21ca804327,29,Female,Heart Disease,Surgery Y,2,7,288,0
55df9b1e-6b6b-42dc-8ffb-4dd1013960b3,36,Female,Heart Disease,Surgery Y,7,12,212,1
ddc1e6f0-d342-46df-8592-3297008b9a51,34,Female,Asthma,Medication B,6,8,176,0
f4c33d7e-c15f-4081-9a8b-3d9421cef1ab,46,Male,Hypertension,Medication B,10,5,80,0
6b94ece1-fa9e-4379-ad62-68f5ef5442d5,30,Male,Diabetes,Lifestyle Change,7,17,49,1
fe5af2e6-b8d7-476d-b45a-a4aefa72ed8d,38,Male,Heart Disease,Therapy X,2,5,193,1
d6c150d7-f221-43c3-ab9f-9bb23776ba3c,80,Female,Hypertension,Medication B,5,18,126,1
ffb0685e-dae5-4cf9-a141-3d5ff806c273,46,Female,Hypertension,Surgery Y,1,1,136,1
84c41cbb-5574-4593-b8f4-f21bffba3fee,37,Female,Diabetes,Lifestyle Change,8,20,181,0
7512a1d8-91ec-44cf-8be9-3d05a1c98f48,21,Male,Diabetes,Therapy X,9,7,380,1
fa686ca3-8e0b-4093-9aec-eac4cc7a704b,62,Male,Hypertension,Medication B,1,12,193,1
3e6b80aa-60b8-4eab-84bc-d15b3bbb5a5b,83,Male,Diabetes,Medication A,9,5,67,0
9014e8a7-6b38-4314-955d-4e13a92ff82e,39,Male,Heart Disease,Lifestyle Change,4,13,106,1
9c7e35b3-ea9e-471f-8190-6cc5cd07df29,54,Female,Cancer,Medication A,7,3,146,0
24071494-72cd-4048-99d0-e5941fdf4e88,56,Male,Asthma,Therapy X,10,3,125,1
eee1d89a-8d9e-410c-b7ec-a76d49ee5cd1,50,Male,Hypertension,Lifestyle Change,5,2,100,1
e5fa6bce-827c-4a0b-9d18-09991dd8cf33,59,Male,Asthma,Lifestyle Change,9,9,283,0
145bb932-d260-412d-a9ad-fe3725bb484c,38,Male,Hypertension,Medication B,7,15,158,1
396147e6-0412-4fed-b56c-eacd84083b0e,35,Female,Asthma,Surgery Y,10,19,264,0
0da02e5a-fde7-4d47-b9fc-10fef175c32a,63,Male,Diabetes,Therapy X,9,9,26,1
6035dd14-7220-49d9-ad01-20496bb65c4b,53,Female,Cancer,Medication B,8,1,308,0
12501f13-2094-450c-b324-ce0a33e36eb6,84,Female,Cancer,Medication A,8,20,311,0
e6ea78d5-be36-47dc-9022-240ef1ce25ed,42,Male,Heart Disease,Medication B,7,11,111,1
504d3baf-91f3-483b-8b63-77531d9f666e,58,Male,Heart Disease,Medication A,8,6,341,0
bb0279d1-53b5-4c07-bffa-d2318d6910d1,37,Female,Diabetes,Medication B,1,8,54,0
0d4988e0-b254-417f-8502-2972a249e9de,68,Female,Diabetes,Lifestyle Change,3,16,71,1
abd6d05b-c788-4342-8788-470688160076,23,Male,Hypertension,Medication A,5,20,391,0
2c965311-e41b-4e85-ae4f-a97e552c5afb,61,Male,Hypertension,Lifestyle Change,1,5,16,1
812775d3-caf0-45d0-85fe-0b98efd03441,75,Female,Asthma,Medication A,2,11,176,1
c7d321d2-ad30-48af-9295-283266493445,51,Female,Hypertension,Surgery Y,1,7,231,1
2a4d0b34-b69b-42d1-a323-b8890b50aa1a,31,Male,Asthma,Medication A,6,1,224,1
87e1af2d-f409-4ed3-9f54-0e5c077758b4,82,Male,Diabetes,Lifestyle Change,0,7,344,1
9d98bb10-9d23-49bd-837f-bcdb7e4f868b,22,Female,Hypertension,Surgery Y,5,14,55,0
604348c8-66f3-4ec5-9098-087294078d82,21,Male,Cancer,Therapy X,1,13,251,1
9ed128c5-489c-417f-ac91-14ee17aaf1d6,67,Female,Heart Disease,Surgery Y,3,15,386,0
af6d3107-616a-41ec-ae8b-d9a39ac8756f,49,Male,Diabetes,Lifestyle Change,5,11,382,1
cb3a7276-ea7b-447d-bfc7-ae4e0cc60a9b,56,Male,Diabetes,Therapy X,0,10,328,0
7954140f-4724-4beb-ad03-651bb743f632,73,Male,Cancer,Medication B,10,11,311,0
b5b5a61c-0c77-47a6-b970-b821accf63d0,37,Female,Heart Disease,Lifestyle Change,8,15,142,0
8cd08f83-c437-40fc-9846-fdef9ea058a3,70,Male,Asthma,Medication B,1,15,234,0
ecdfedcf-1cee-4d3a-a3ba-5fbe4abc7793,81,Male,Asthma,Medication B,9,2,18,0
a54d2486-5c79-417f-b27a-db2fdd61022e,46,Female,Heart Disease,Lifestyle Change,0,7,250,1
5c124b7d-426c-41db-a90c-c553f0d5fe0b,52,Female,Diabetes,Medication A,2,15,144,0
54acbbf6-bd56-4dd3-ad2a-48dc689e6677,85,Male,Asthma,Medication A,3,19,245,0
28b82df8-58d6-4aaa-81a9-d42740ccae55,58,Male,Cancer,Therapy X,10,16,199,0
e6414baa-4335-472b-a8e2-faf42cf688e4,26,Female,Hypertension,Lifestyle Change,10,6,202,1
3009f7cc-a70a-40f1-8bb7-3167e439ca4f,84,Female,Hypertension,Medication B,1,12,254,0
97ffb81f-59bc-47ed-b0c2-396dad5b4f8f,65,Female,Hypertension,Surgery Y,0,15,92,0
58bf0b6f-251d-44cd-9b7c-5c567312b4dd,73,Female,Asthma,Medication B,9,13,159,1
b849a87f-4f1f-4231-b572-4d98b2760913,61,Male,Heart Disease,Lifestyle Change,8,13,284,0
5fd6b56a-ad94-43a9-9ae5-10a2d0545cfb,67,Female,Hypertension,Surgery Y,3,3,271,0
5c9e172e-b902-4beb-a369-47e37b5435a3,23,Female,Diabetes,Therapy X,5,2,58,0
8c9055ba-8f21-45cc-af65-02743889d420,66,Male,Heart Disease,Surgery Y,9,15,297,1
4541c4e3-8888-4599-a401-87642e1b3130,73,Male,Diabetes,Surgery Y,4,19,238,1
b0842eb0-c509-474a-81fe-14ae5e25d8f6,31,Male,Heart Disease,Therapy X,7,18,311,1
576b72b3-62a7-4939-bbcf-4667396c4dbd,41,Male,Heart Disease,Lifestyle Change,9,2,63,1
0b325048-d498-48cd-92f3-2f0c0df03f38,58,Female,Cancer,Surgery Y,5,7,373,1
ad5746c9-d1ef-4a7a-882d-aad404ef0ab7,21,Male,Cancer,Medication B,4,9,164,0
038c4d03-7cff-4dde-b0a8-60f8d7780f42,45,Male,Cancer,Surgery Y,4,9,116,1
7082e0c0-3c57-47a2-a559-6db55b1cea3c,59,Female,Asthma,Lifestyle Change,8,2,261,0
bbd65238-5ada-4cce-9ad1-2352ea83e2ae,29,Male,Diabetes,Surgery Y,3,3,346,1
f102d738-26a6-448e-8843-cf8783d5909b,53,Female,Cancer,Medication B,6,7,162,1
b75b4ea2-28dc-4a8f-9c07-df298da7ab0d,77,Female,Diabetes,Surgery Y,0,9,178,0
e6839247-2ee4-4905-b2f3-98310e8c346b,57,Female,Hypertension,Lifestyle Change,4,5,258,1
6d744246-c920-449e-96a1-165af891eb5f,22,Female,Asthma,Therapy X,4,12,20,1
5faf8b12-f1fc-45f3-8228-2ddf10e3d033,58,Male,Cancer,Therapy X,3,16,195,1
d930a6e4-e98f-41af-9cb2-db8aad95f99b,37,Female,Asthma,Medication B,2,14,268,0
3cfa0784-721d-40f9-9cc8-0c4e21d07c13,24,Female,Heart Disease,Medication A,5,2,176,0
433cee1e-b265-454c-a038-3b8d6a1babe4,43,Male,Hypertension,Lifestyle Change,0,16,28,1
70a4379c-1cbb-44bb-90ee-c149c0e26abe,46,Male,Diabetes,Surgery Y,0,16,49,0
f282cf2c-5771-465d-994d-b75c6be41d3d,39,Male,Hypertension,Medication A,2,10,55,1
c5538ca8-20f7-49e5-a70d-6acfafb886e4,28,Female,Diabetes,Surgery Y,0,7,172,1
03f5b6cf-e5a7-4619-94dc-17fa5483c9dc,69,Male,Asthma,Medication A,0,11,138,1
aad21020-7eaf-45a7-9565-54fe1adaf283,51,Female,Asthma,Surgery Y,8,19,156,0
391b3a1e-1791-49e7-aa10-c06f95006baf,85,Female,Diabetes,Surgery Y,9,15,130,0
8313c7d9-9ff1-4564-b822-d297afb28f64,58,Female,Cancer,Medication B,2,18,88,1
175670c1-9994-4e97-a1d2-2c570870829f,23,Female,Asthma,Medication B,0,1,255,1
eb4ce7a0-e17d-416b-8e44-a4ee094747fc,29,Male,Hypertension,Lifestyle Change,0,5,338,1
b18cbfb9-e00c-417a-bc96-757bf23c2dd8,67,Female,Asthma,Lifestyle Change,8,19,33,0
8fa7a664-556a-4beb-a1ec-c21375f7ae43,33,Male,Diabetes,Surgery Y,3,13,22,0
f6977663-fe85-4388-a9a1-f1985a9fba28,42,Male,Cancer,Lifestyle Change,5,12,244,1
7a91b071-b593-472a-bd7e-744bbd5b0340,60,Female,Diabetes,Lifestyle Change,10,4,98,1
cc2aeb09-26e3-4b93-b0fe-3af5e9335f43,71,Female,Hypertension,Lifestyle Change,10,9,352,0
f05bd2a7-248f-444f-bbb8-f79aa85ab1f1,45,Male,Asthma,Lifestyle Change,9,12,145,1
052c2670-1702-4752-8327-4d89c831822c,80,Female,Heart Disease,Medication B,8,7,79,0
399f9ca8-6f51-4a36-9fd1-b7eb106a047c,60,Female,Cancer,Surgery Y,8,14,240,0
90d09052-58c1-4c1b-aa64-3cbece345581,55,Female,Hypertension,Therapy X,7,4,28,1
0dbb898e-0468-4da1-a565-af31a6dac863,77,Female,Cancer,Medication B,8,14,298,1
05b78cdd-a28d-4e69-863a-277b235f1261,66,Female,Hypertension,Surgery Y,9,5,26,0
822d00ed-37c4-414b-9597-41ae11a05f76,46,Male,Heart Disease,Medication B,9,20,75,1
f84ceb9e-70da-4915-863e-a4f224e36ae1,64,Female,Heart Disease,Surgery Y,0,9,393,1
a5d83a21-8bdf-4f69-a1d2-2ae739318838,44,Female,Hypertension,Medication B,2,3,27,1
c2c6d58b-ceda-45d2-81b1-4625fa98b98d,24,Female,Cancer,Therapy X,3,11,149,1
1f73fe56-9557-4c92-97a0-0b26aff67825,59,Female,Heart Disease,Medication A,6,12,366,1
bf5d9e2a-c297-4b3a-b0dc-d8e7838ce511,60,Female,Hypertension,Surgery Y,3,17,162,0
73f9fc57-2410-4642-abe4-942a6e1cebd6,57,Female,Cancer,Therapy X,0,5,166,1
8c06e226-3d94-48ac-8395-b0e644fb9037,62,Female,Hypertension,Lifestyle Change,2,13,37,0
a3e0213f-2d20-42a1-90e1-0948c68d07bf,62,Male,Cancer,Medication A,1,19,94,1
8d1110fd-8ce3-4e01-af13-80658e2bad01,43,Male,Hypertension,Therapy X,9,19,273,1
23bb8885-bf35-4061-b5eb-c3fb9d63556e,39,Male,Hypertension,Therapy X,0,10,345,0
4cc873e2-b41f-4eb5-8d9a-d6fedd9273b6,29,Male,Cancer,Lifestyle Change,2,6,263,0
8e062262-eef1-4595-a7fa-f94f3aae06ab,67,Male,Hypertension,Lifestyle Change,5,1,230,0
f76c5c5c-e700-4e8f-a1bd-bd5b50120944,67,Male,Cancer,Lifestyle Change,10,9,194,1
551c1043-553c-4436-a1be-ce61dcf39d9c,50,Female,Diabetes,Surgery Y,0,1,288,1
110a8ac8-e09e-4df7-b758-28029a9f507e,59,Male,Diabetes,Medication B,6,19,158,0
3f3e9ca3-3dcd-4fb3-acab-15ffdb7fbd56,61,Female,Cancer,Medication A,10,8,334,1
72afa309-3bb7-415c-9447-b0dcba103d49,81,Male,Diabetes,Lifestyle Change,10,18,121,0
7fa73ac6-9283-49bd-88c0-5b842c0adb12,69,Female,Cancer,Surgery Y,5,1,123,1
25f195c6-30c8-46ec-9c72-441b2dbbc119,69,Male,Heart Disease,Lifestyle Change,0,14,279,1
b90e0540-7dc5-4d1b-804a-4aa85010ba48,46,Male,Heart Disease,Medication B,4,14,58,1
16da0656-a830-45e5-b301-281995d56822,27,Male,Cancer,Medication B,5,12,380,1
653c790d-46e9-46e1-a9c7-f29343a684d1,27,Female,Hypertension,Medication B,8,9,100,0
29b8f2d1-f7f3-462d-be7f-e69dd162fa51,39,Male,Heart Disease,Surgery Y,2,10,225,1
04edb5c5-c439-4d8f-8549-f3cde5d6fc13,77,Female,Asthma,Surgery Y,1,7,131,0
8c4469d3-7f4d-444d-b7ea-e91a96596bb4,37,Male,Hypertension,Medication B,10,19,91,1
47c49af9-90d0-4670-bc13-b987e18deca6,77,Female,Asthma,Lifestyle Change,10,17,324,1
3ffe4035-3021-4e6b-b60f-7d1f1a84d1d7,70,Female,Heart Disease,Medication A,2,6,144,1
42dc258f-36a3-44af-80e0-9bcebbb3154d,31,Male,Diabetes,Surgery Y,7,2,158,0
28482288-8d5e-42e6-9528-e4e5bea4c7bd,53,Male,Hypertension,Therapy X,0,10,312,0
36d105aa-29ea-4970-85f1-5ec0f619d2c9,28,Female,Asthma,Medication A,0,6,336,0
5dec7db7-33cf-442f-a057-1cff643fbf25,29,Male,Heart Disease,Medication A,9,10,27,0
96cfe35a-c5d8-40a2-a1de-66ae39d269a6,41,Male,Heart Disease,Medication A,8,3,138,0
9cadd2ea-21c3-459f-ab10-03cd3df03b3d,33,Female,Diabetes,Lifestyle Change,8,18,198,0
bfc6c27a-f6e8-4bef-8241-6cd9be6b1f20,55,Female,Diabetes,Therapy X,6,3,389,0
82899813-7f02-4aaf-a1b4-bc053dfb6dc4,25,Male,Hypertension,Surgery Y,7,2,263,0
8634fc25-23ca-4ce6-8f14-c8af980bcb7a,49,Male,Heart Disease,Medication A,1,8,242,0
2a404a28-6187-4669-a04f-09273ae3fe48,32,Male,Diabetes,Medication A,10,11,71,1
a6e5ab79-1527-4f63-a0bd-8c24225b1332,84,Female,Diabetes,Surgery Y,8,5,383,0
2f40c811-435f-4e6f-9327-516b71e81d47,44,Female,Hypertension,Surgery Y,9,14,115,0
d9d7a9a0-66d3-4cf3-b1a1-dd1255b27012,45,Male,Hypertension,Medication B,10,4,151,0
fad09ebe-6342-4ed8-ad4c-0bb1cb759aa8,83,Male,Cancer,Surgery Y,9,13,318,0
e61713ed-3083-4cca-8faa-d9481b144e9a,83,Male,Cancer,Lifestyle Change,9,4,254,0
093f5e24-c0fd-45a8-99f4-23bf937688cf,67,Female,Cancer,Therapy X,2,18,19,1
9181e30d-8554-4690-ab7c-d40797b15f91,79,Female,Asthma,Medication B,6,3,241,1
8924c785-75ee-4ec3-a635-41dd236c302a,55,Female,Hypertension,Therapy X,9,2,234,0
1f83883d-3005-4cdb-a458-fa1699da2c6c,77,Male,Cancer,Lifestyle Change,1,2,127,1
67be08cf-9cbb-4399-835e-516e7f958635,37,Male,Heart Disease,Therapy X,6,10,78,0
4dcf4b60-34c6-4505-8d21-c3fd781b8a6e,50,Male,Cancer,Medication B,10,16,83,1
6d97d850-7816-450e-9532-893497350fd9,79,Male,Hypertension,Medication A,5,13,365,0
a0a12d35-364d-4360-b8e4-dd580b390c0e,51,Male,Asthma,Medication A,7,8,321,1
d3e8effd-a393-4e62-b5f3-90965bb4d3f9,39,Female,Cancer,Lifestyle Change,6,9,102,1
ca537489-d052-4bb4-b8be-9ff003d26ccf,46,Female,Hypertension,Therapy X,1,16,224,1
5fc084c9-3305-4683-b2d6-568e15daea5a,75,Female,Asthma,Therapy X,4,16,147,0
b840a63d-d590-48bb-8557-d8a0e7743f9e,49,Male,Heart Disease,Medication A,5,16,135,1
7985ecbb-248f-4498-9fe1-3e745ae179de,72,Female,Hypertension,Medication A,4,7,332,1
1a1949c8-47f2-4c64-b61a-b58eb73a1021,38,Female,Asthma,Therapy X,8,18,147,0
9e8ed2c9-8144-4c77-905e-8b06d0a13b4a,70,Male,Diabetes,Medication B,9,20,381,0
8b54a2e4-ef79-4666-ac84-8b4acb1be568,22,Male,Heart Disease,Therapy X,6,20,233,0
f254452e-dab6-4236-a04e-159dfbb2ab76,82,Male,Heart Disease,Surgery Y,0,5,201,0
4a3dd247-192f-4705-9499-07073c016f2a,23,Female,Cancer,Medication A,8,6,57,0
d93c4932-16ae-4fe0-88ae-076f50ca9059,84,Female,Cancer,Medication A,7,15,344,0
c51c8d9a-35d0-4f79-972d-cb97883390e5,77,Male,Cancer,Therapy X,5,7,54,1
e02a669a-6299-42a1-8090-d5c309fffc11,48,Female,Heart Disease,Medication B,7,5,34,1
d5681b08-e0db-4a1f-a7ef-74021aad5f43,57,Male,Hypertension,Medication B,8,11,79,0
a88265f0-ee9d-47a7-b2a9-308c63993299,40,Female,Asthma,Medication B,8,2,287,1
d6523ea1-c30c-4d03-9670-1b825aa6be9c,20,Male,Hypertension,Therapy X,8,7,172,0
5a33ff60-f2a9-4f36-9a38-e009768beffe,41,Female,Diabetes,Surgery Y,1,2,304,0
f315c53c-c502-4bad-9461-ab293033b20a,83,Female,Diabetes,Surgery Y,1,12,305,1
49e4d29c-92e6-4d9a-8099-d6c85fdf927f,69,Female,Asthma,Medication A,8,9,40,1
4143c670-2e53-4efd-8852-08b07fa0bf8e,39,Female,Cancer,Therapy X,10,15,234,0
c7024ad1-bbef-41fd-978c-8ff5142156d9,28,Male,Asthma,Surgery Y,1,17,274,0
9fd37a84-c599-4554-936b-71a6537cd49e,77,Male,Heart Disease,Medication A,4,20,133,1
2a72aea1-b217-449a-b0bf-db8a4a4e6ce5,59,Male,Heart Disease,Medication B,5,12,108,0
5157c445-d584-48d3-8ce7-81a8bbb65067,85,Male,Diabetes,Therapy X,1,18,140,0
78ac9e08-2c20-452b-a258-1c6cb6c12b97,60,Female,Diabetes,Lifestyle Change,8,15,67,0
1aa0fc0e-c7e7-460d-bb03-79449fe9bec2,78,Male,Cancer,Medication B,2,20,307,1
ccbdd962-013e-4e10-bcfb-9dd53cccdb3f,60,Female,Diabetes,Medication B,3,10,34,0
b20fbd80-fa41-46e8-965d-687c0a627b7b,73,Male,Hypertension,Medication A,5,10,208,1
1ac4f3c5-ab74-444e-933b-c3f8a77a2d9e,40,Male,Asthma,Medication B,2,15,251,1
fb69f78a-2136-40a4-a91a-fb4be912101f,30,Female,Hypertension,Surgery Y,1,16,282,0
19db92c8-58de-4c0a-b239-aab2d1a9e705,49,Male,Hypertension,Surgery Y,4,5,136,0
dedd6359-afd3-4d6e-8fcd-a4d1f8d46757,43,Male,Asthma,Medication B,3,20,274,0
f8810147-a595-4735-b776-fa9a326745fc,34,Male,Hypertension,Medication A,3,13,351,0
8723c326-ee70-4344-999b-86d67ce4808b,74,Male,Diabetes,Lifestyle Change,9,20,369,1
5ee6a89f-5094-4d0b-92b7-cfd7011b95fb,68,Male,Hypertension,Surgery Y,0,15,294,1
7ebc2f7a-7949-4998-91f7-4c1a8dfcddd0,30,Female,Cancer,Lifestyle Change,4,2,50,1
0280d364-0e70-4807-8c71-c3b7b363a6a0,37,Male,Heart Disease,Lifestyle Change,0,1,184,0
dc55ecc1-77a7-4b26-88b7-4425f89d4b6c,67,Male,Heart Disease,Medication A,4,13,143,1
77202c04-0c73-4c82-985d-a7ab4306779b,44,Male,Heart Disease,Medication A,1,4,114,0
6b28263c-6523-431e-9866-915cc5ce2f36,51,Male,Heart Disease,Medication A,10,20,281,0
bd712909-ec54-4c1f-8668-133ae1675b37,50,Female,Diabetes,Lifestyle Change,3,5,311,1
a74b3c1a-5dec-43da-adf5-cd2e3a646f21,78,Female,Diabetes,Medication B,7,20,362,0
f25b87be-b083-4016-b091-1c297e660bc8,51,Female,Diabetes,Medication A,4,19,99,1
b0947d1b-d40b-41e9-b572-505523760c96,29,Female,Asthma,Therapy X,6,18,316,0
a3a3eafe-7c0d-46c7-b1e9-99af80a18090,29,Female,Diabetes,Surgery Y,10,2,316,0
eadeef67-66ff-4ea4-aba7-5d60f2950fc5,73,Female,Asthma,Medication B,2,7,49,1
5fd3be3c-130f-474c-8451-f6285417d956,74,Male,Diabetes,Medication A,0,16,257,0
139dc434-7227-4ea9-a342-d370e1c47417,81,Female,Diabetes,Medication A,5,16,334,1
ff289210-1f23-4b52-950a-6adb96be100f,20,Male,Diabetes,Medication B,7,15,50,0
85d12c17-a4b2-492b-9e00-3deb8428caab,38,Female,Diabetes,Medication B,1,11,110,0
abaabbfc-5d68-4e86-873e-9ba6e14e01ee,34,Male,Cancer,Surgery Y,1,8,279,0
86dc92b1-6b32-4227-822b-d72093477088,59,Female,Heart Disease,Surgery Y,5,14,298,1
a761f030-c725-4701-98ca-59598fe9a0ac,85,Female,Cancer,Lifestyle Change,2,20,326,0
b6860578-4052-4099-8fd4-df9aa119d212,85,Male,Hypertension,Surgery Y,6,5,110,0
a22f5dda-3b23-4f23-949e-86c786a4b762,50,Female,Asthma,Lifestyle Change,2,6,356,0
94725442-22b8-4000-a1a1-57dbfa417fde,39,Male,Asthma,Lifestyle Change,10,3,94,0
fddee811-ca4a-40f3-981f-78fdb1ad98a2,56,Male,Diabetes,Surgery Y,3,6,235,1
015a55bb-a969-42f7-8faf-761daacd6588,55,Female,Diabetes,Medication B,7,16,166,0
8d9c332a-fed4-4bd4-a8c3-60790c996c38,33,Male,Asthma,Medication B,2,6,256,1
d17974ae-de06-43df-b667-7f189039f737,48,Male,Asthma,Medication A,3,3,208,0
1889a9a1-62f6-43b2-a80c-1c536a3ded55,82,Male,Diabetes,Medication B,4,13,370,0
4b9973a0-7f66-4dd7-88f3-c0bdf619656c,26,Male,Heart Disease,Medication A,2,4,353,1
2d2f774c-a256-4bbc-a3b1-fd2d5da6bb6d,78,Male,Heart Disease,Medication A,6,12,313,0
f82c99e9-c17c-468c-b465-b4371ba2ce17,75,Female,Heart Disease,Lifestyle Change,3,15,67,0
ce78d543-311e-479f-868d-ea5ef008816d,74,Male,Heart Disease,Medication A,1,18,306,0
7dd7a7e1-b341-4f1d-b873-92b5a2561479,75,Male,Heart Disease,Medication A,4,13,369,0
5d27db19-5584-446f-88e6-ce116bbfbf03,34,Female,Diabetes,Lifestyle Change,4,11,371,1
7f9a95c7-cb74-48ad-b1cf-ac2d0d8b38b3,54,Male,Asthma,Medication B,7,17,86,1
87056f74-74ae-4a70-ac71-d3132fb40827,41,Female,Cancer,Lifestyle Change,8,18,165,0
ccd0f0a3-ca49-4f52-8ba1-cff2eb2ce457,45,Female,Asthma,Medication B,7,11,382,0
c646439d-de0e-4cd9-8577-30709a2b8012,64,Female,Heart Disease,Lifestyle Change,2,18,343,0
4f55b4c2-66bf-4d8b-80fd-35bec5767978,20,Male,Diabetes,Lifestyle Change,2,9,387,0
e9d8f9a5-ebf5-4cc3-b7a5-9b5544280385,26,Female,Diabetes,Medication B,6,2,146,1
ab2f79ca-09a0-4d03-a263-d90d93f6fe9c,34,Male,Heart Disease,Lifestyle Change,7,13,316,0
c998001a-9ef1-40b5-8e42-3d048d5b8f8e,83,Male,Asthma,Therapy X,3,2,63,0
228d900b-342f-4b9e-981a-46be30d2a522,24,Female,Diabetes,Medication A,5,7,121,1
bf3568e2-4f13-4ac2-8980-4e354d43ca87,45,Female,Heart Disease,Surgery Y,9,1,20,1
e193f05e-b5aa-4a8e-9677-05c8a8720301,26,Male,Cancer,Surgery Y,8,20,140,1
87afe130-9c74-439e-87d3-899a724558b0,66,Male,Asthma,Medication A,10,6,350,1
c2050d3f-1467-485e-b748-6193b6d0fc5e,51,Male,Diabetes,Lifestyle Change,7,10,337,1
b958e2b4-bc34-4219-83ee-f6eba954b0f4,57,Female,Asthma,Lifestyle Change,6,5,31,1
f9f1a6f2-346a-4a4c-9f62-01748a5b4586,29,Male,Heart Disease,Surgery Y,10,5,31,0
286ddde4-ddbf-48d4-9cab-443878911e73,75,Male,Hypertension,Lifestyle Change,7,14,303,0
1d8ffeb1-aea9-4c73-83e8-78536e98e9f3,57,Male,Heart Disease,Surgery Y,1,12,386,0
6a7fc755-2b10-45a6-934c-5501fa213a62,29,Male,Cancer,Lifestyle Change,5,14,276,1
71d944cf-602e-40ac-91a4-8e704e271fcf,38,Male,Cancer,Medication B,5,4,228,1
12881481-d33e-4010-9031-c82c91c57c3b,55,Male,Cancer,Medication B,8,20,315,1
5c129d18-2772-4bd5-be21-115997a65353,60,Male,Asthma,Medication B,8,20,377,1
77af03d4-3edc-4989-8539-61257b1d748a,68,Female,Asthma,Therapy X,0,19,13,0
868055ec-9ac0-44d4-b3ce-c3ec102acf17,43,Female,Asthma,Therapy X,8,5,313,0
31cd3ec3-dc2a-4bc8-acc2-4529165e25db,75,Male,Heart Disease,Therapy X,7,2,305,1
771376a3-da55-4a34-9e58-a3f4b4ee7887,29,Female,Heart Disease,Therapy X,1,4,339,1
fbee8a5c-a615-4393-a3fd-9fcc1fc67547,62,Female,Diabetes,Lifestyle Change,0,10,84,1
1441d879-e5d7-4d81-94d9-8737512ed29f,42,Female,Cancer,Therapy X,9,2,58,0
b987086d-4050-43e4-b487-331231bc9781,22,Male,Cancer,Therapy X,3,12,39,1
0ddd1ffc-4072-4256-a140-ccd6af91df6c,40,Female,Asthma,Surgery Y,7,20,191,0
6605e964-bc88-47b7-854b-055027b80f53,52,Male,Heart Disease,Surgery Y,3,9,298,1
49a375de-a9a9-4b5c-9ef9-495a3a4064ba,84,Female,Diabetes,Surgery Y,0,14,42,0
45881100-54b4-4c24-9165-292d9f7ae268,80,Male,Hypertension,Surgery Y,3,10,123,0
4b46c68a-d1e0-4448-a5e8-1fb3c4e5ddc7,69,Female,Hypertension,Medication A,4,11,56,0
6ac276f2-a6c1-429a-add9-371d58ec60db,74,Male,Heart Disease,Medication B,10,3,139,1
0d960203-e3a5-4258-afdd-52424d746347,42,Male,Heart Disease,Medication B,7,15,298,1
0d783fee-0848-4138-bc6a-b89debc44fab,56,Female,Cancer,Medication A,10,6,77,0
ce030a74-849c-459f-995d-a7457e5cf6d6,23,Male,Asthma,Medication B,3,1,166,0
90aeaccd-25d0-437f-99b6-5ae118f2dba6,51,Male,Hypertension,Medication A,8,3,52,1
db72ed98-fb77-4ab4-b508-264c3531d870,82,Male,Hypertension,Medication A,6,6,184,0
b1f3cbfb-3379-4f72-a60f-9bd5c13de093,20,Female,Cancer,Therapy X,1,3,290,1
75ecb73e-471b-4cbb-81ef-e7a1eba45040,60,Male,Diabetes,Lifestyle Change,10,15,267,1
a0b6f697-f5d4-4527-aa41-7d00836c995c,83,Female,Hypertension,Surgery Y,8,2,389,1
35043c25-6c85-4bc5-b55d-debc4f614a54,73,Female,Hypertension,Therapy X,8,15,193,0
dc1138ee-77ba-45c0-a841-4fdb4cbea128,80,Male,Cancer,Therapy X,8,4,138,0
2b8ceb69-b85c-461b-b6f7-4f3cc92ada03,52,Female,Asthma,Therapy X,7,10,102,0
1cee2dfc-5f0f-4a87-8672-a296b78477da,37,Male,Cancer,Medication B,10,13,363,0
c5856c96-854d-4316-8c5f-288be9619e1a,72,Male,Cancer,Medication B,6,15,182,0
b2622254-3cf6-4f4c-a311-37fc91330963,59,Male,Hypertension,Medication A,10,1,312,0
0a831239-6f26-4638-884d-c0a483a495a0,52,Female,Cancer,Lifestyle Change,6,10,120,1
8f77054e-e731-4d54-816a-0c14c7b190e8,50,Male,Diabetes,Surgery Y,5,17,172,1
0f0dd0c0-6462-4eaa-ad3b-0a5cd1f2837d,61,Male,Hypertension,Medication A,1,12,378,1
06da85ab-b1c9-497e-9d08-6a62570058db,23,Female,Heart Disease,Medication A,4,5,172,1
d45152c7-60a8-47af-8073-1a808f9faca1,57,Female,Asthma,Medication B,4,14,296,0
fe350766-e673-49bb-b630-78feedf4fdb9,46,Male,Hypertension,Medication B,10,18,24,0
80774457-7f46-49ba-b4d8-068e71e0b8e6,47,Male,Diabetes,Medication B,10,11,112,0
af0ee227-be52-4051-beb3-8ab0c04eca55,68,Male,Cancer,Therapy X,2,5,329,0
40b9f304-f2ba-4ee0-be52-ad54ab364a76,55,Female,Hypertension,Medication B,10,12,348,0
f900aee5-55a3-48dd-bbe0-692e7d37f750,54,Male,Asthma,Therapy X,6,7,354,0
7516c5fb-7550-46a0-b6ab-760da6251512,73,Male,Asthma,Surgery Y,5,5,356,0
3d5cefd3-eb0d-40a4-82f4-a7808d0d4875,82,Male,Asthma,Medication B,8,13,252,1
57facfd6-e388-4a4f-981e-9a305dc12fe5,84,Female,Asthma,Therapy X,0,4,366,1
27a5f51c-6d49-4893-bec8-1a3e39388fce,75,Female,Heart Disease,Medication A,6,5,383,0
d9804390-aff3-4fd0-a054-ad62becba8c8,81,Female,Asthma,Medication A,6,1,396,0
f48c6ad9-4bf8-4157-bbf6-dc908b16a120,50,Female,Cancer,Surgery Y,6,18,208,0
82e5bf94-1f50-402c-ae1f-61e5a08be537,45,Female,Cancer,Lifestyle Change,9,5,227,1
93a7fde7-7c0f-4587-82e8-e297912f04f4,60,Male,Diabetes,Therapy X,10,17,358,0
538899bc-18c8-42c8-a981-06257e38aee9,33,Female,Diabetes,Medication B,10,8,233,0
bb22ec8e-4756-4c6b-ae3e-25ba13ba15ac,72,Female,Diabetes,Medication B,9,11,171,0
cc2f3974-8a88-43f6-95c6-f5be639baf1f,66,Male,Heart Disease,Medication A,9,16,298,0
c751ec1c-8547-4dc0-aab0-b3ccef9bd552,81,Male,Cancer,Surgery Y,6,4,273,1
02b34ddc-d430-4793-bcc5-7fcf20bfc513,42,Male,Diabetes,Surgery Y,10,3,344,1
2e50bf1e-16bf-4781-9858-0677a6f84bd6,63,Female,Heart Disease,Medication B,10,5,62,1
eb815568-ce54-426f-a0ee-19ea0d163b7a,25,Male,Cancer,Surgery Y,10,12,298,1
7a05659e-7b5a-4255-8866-abfe93121e59,76,Female,Diabetes,Lifestyle Change,5,18,162,1
41d2d84a-0c67-4807-92cf-8192f32bbd64,78,Male,Diabetes,Therapy X,1,1,136,1
99cc4fa2-f1dd-4892-a3d8-521c0c99b1ec,38,Female,Asthma,Lifestyle Change,3,6,372,1
5c4f0c77-cce2-427b-b2e8-48b93480e68c,68,Female,Cancer,Medication A,6,5,108,0
e0113d76-0d35-4db8-bffc-93e3c6cd107a,32,Male,Asthma,Medication B,0,3,280,1
9f38d0e0-f7cb-4967-bd6c-ba064895ce73,81,Male,Heart Disease,Medication B,10,6,225,1
449b2085-9c17-4685-9666-09b0ec10fcea,82,Female,Asthma,Medication A,10,1,297,1
23b30fd9-bbdb-443b-bf14-06bb86dd127f,49,Male,Heart Disease,Medication B,1,1,138,1
0211f24c-6c4e-4681-bfe1-991b73dafaf5,72,Male,Cancer,Medication A,1,17,345,1
84b6e7c1-7690-46bc-b921-5bb5f5da3c60,46,Male,Cancer,Medication B,4,1,89,1
e99fa004-8e4d-4855-a38c-49cbc142ff30,24,Female,Asthma,Lifestyle Change,10,17,197,1
2c454771-7256-4d7e-aa89-00f69a0cfc79,36,Female,Hypertension,Therapy X,0,16,179,0
5415c18c-1982-4a7b-84da-3ce7a6cc5ce0,36,Male,Asthma,Lifestyle Change,7,9,137,0
c5421e39-78bb-434b-a05c-a198edc6ca69,57,Female,Cancer,Surgery Y,3,2,287,1
81d452a3-f052-4231-bc58-2b65a259e907,60,Male,Hypertension,Therapy X,7,4,386,1
1e02ccf4-cc52-41f1-97cc-bf4302372409,27,Male,Heart Disease,Therapy X,9,7,87,1
2b5cb3a3-bd46-4200-b477-52a7075c4c22,53,Male,Heart Disease,Medication A,9,1,297,0
af2a6546-4c6e-4917-9bed-074829432314,38,Male,Hypertension,Medication B,5,20,25,1
c52677f2-d14a-40e8-82f2-72e54fe7bed8,45,Male,Diabetes,Medication B,9,1,287,0
b07f2b6d-3df4-4bd2-ae78-fed2aa5e14aa,25,Male,Cancer,Medication B,6,13,255,1
8f1b6c22-4812-4354-8792-3a082c01aa9d,25,Male,Asthma,Medication A,6,2,146,1
4cb4cc69-9d6e-4cd3-9020-91863c8efae2,67,Female,Diabetes,Therapy X,9,20,151,1
7de698bb-26c5-40c0-a79e-1a1d3b0ee34c,46,Female,Cancer,Surgery Y,0,8,374,0
9d36b6e0-6565-4286-9a6c-e2a262aa0f40,59,Male,Cancer,Medication A,7,2,191,0
8234219f-f7b0-47b4-ae9c-a857e4a44cfd,83,Male,Diabetes,Lifestyle Change,6,4,83,1
3af42dc4-b537-46da-9baa-ff9f1e823c29,32,Female,Heart Disease,Therapy X,4,8,157,0
9d2f5478-2c95-48bf-b230-d18d3083a469,72,Male,Heart Disease,Surgery Y,3,5,244,1
4a2e1c75-5307-454c-ba4b-6efa66776331,31,Female,Heart Disease,Medication A,7,13,75,1
15f08bb3-583f-4ccd-8a63-9e57b8ee6789,26,Male,Hypertension,Lifestyle Change,5,9,235,0
dafa3a03-a31c-41a9-a6c2-4da0203b69b8,41,Female,Cancer,Therapy X,1,19,203,1
74d74940-fe6a-4185-8096-d92968d77373,70,Male,Diabetes,Surgery Y,9,8,396,0
6b5c43b0-d24b-47cd-a34a-ee43966e082c,51,Female,Cancer,Surgery Y,2,8,75,1
aedc8179-c519-4c29-8fe8-478c830880f6,62,Male,Hypertension,Medication B,7,6,353,0
5c8d02e6-ef74-48bb-b19c-a180a8f32863,71,Female,Cancer,Lifestyle Change,3,1,198,0
6eb91f06-4a79-4de6-a17c-36f57ea13104,65,Male,Asthma,Medication B,7,18,46,0
edbb4980-9c5c-4553-9178-3ba6a80dbe38,61,Female,Heart Disease,Medication A,10,7,40,0
4b62847c-ce5e-4d8c-918c-d5e5d34db38d,46,Male,Diabetes,Surgery Y,0,20,70,1
54109321-5a42-4cc3-8cdb-1588e0877fa4,74,Male,Heart Disease,Therapy X,0,8,305,1
567ff01c-88f3-4928-b78a-5246ed1e8a6d,32,Female,Cancer,Therapy X,10,13,261,1
220fc2eb-bc8e-4f86-a8ee-7fa78ddb862b,65,Female,Cancer,Lifestyle Change,4,16,73,0
82ed483a-c300-4e72-a7d0-946b220a9cbf,28,Male,Asthma,Surgery Y,9,13,351,0
42ed926f-f91b-4a30-83dd-33b83e5f47ca,58,Male,Heart Disease,Therapy X,3,5,348,0
b9ce2174-8063-4cc0-b410-241fb7817abb,21,Female,Cancer,Lifestyle Change,4,19,29,0
6a6be566-bf34-4241-8a0b-60d9d2a055a0,44,Female,Cancer,Therapy X,2,5,128,0
cb6792b4-4332-4817-b854-7f31eb7628f1,33,Female,Asthma,Therapy X,9,18,341,0
d7e9f7be-f72f-4196-8adf-b00ba973e35f,72,Male,Heart Disease,Medication B,7,10,300,1
9f26d01d-54b0-4703-a6bc-909418654570,56,Male,Cancer,Therapy X,2,15,266,0
e9acffc5-4583-456d-97ed-119f5defa34e,36,Male,Cancer,Therapy X,4,16,368,0
f394ea4a-dbfe-4fa1-b92b-3fd392457490,49,Female,Heart Disease,Therapy X,6,9,139,0
8b301435-ed60-4fe8-bdb6-a8cc8426c235,69,Female,Cancer,Therapy X,9,6,20,1
4e177450-0010-4b49-a556-55f12bb35add,38,Female,Cancer,Therapy X,0,6,357,0
668c7766-d751-4ab8-9ca2-a9f35691432b,56,Female,Asthma,Medication A,2,13,381,1
dd0ac6da-5df1-40a8-b9ce-262a5439e01d,83,Male,Asthma,Medication A,8,6,351,0
b7e887eb-abe3-4a93-aa75-54ab54731778,59,Female,Diabetes,Lifestyle Change,5,8,351,1
e613b0c7-f48d-4cfc-8841-bf89f4fef81f,29,Male,Cancer,Medication A,6,20,333,1
a5eb2c3b-cab3-45dd-834e-2f1f2fda0175,82,Male,Heart Disease,Therapy X,9,10,105,0
76047bc0-ab24-432b-a8b9-7598c3e21879,35,Female,Diabetes,Lifestyle Change,8,14,42,1
5184aba7-c418-40fd-ba23-4d52fff059f2,74,Female,Asthma,Therapy X,5,4,37,1
85f2a153-0655-4c3f-bd66-a295b309e5ec,52,Female,Asthma,Lifestyle Change,8,4,232,0
975be76f-73db-4038-8818-b4564774f8ba,34,Female,Diabetes,Therapy X,2,20,265,1
1e87e7d8-9f6b-4835-8eff-4f1e7a862041,84,Male,Diabetes,Therapy X,2,1,223,0
387800a1-2af2-4126-88b6-f3958c9754bd,23,Male,Hypertension,Lifestyle Change,1,12,271,0
92a1dcf5-6edc-4d34-8c8d-17b1aae6fc33,68,Female,Asthma,Surgery Y,5,9,174,1
ccada77a-c009-4508-b89c-6eb72ed2ff04,59,Female,Hypertension,Medication A,4,7,165,0
a243264a-6871-4f44-ae94-93a527b09657,48,Female,Hypertension,Lifestyle Change,1,14,382,1
acda7bbe-413c-49bf-9061-5d0092b39fba,63,Male,Heart Disease,Surgery Y,1,11,380,1
00655115-3386-4706-96bc-2a107d043fc8,28,Female,Cancer,Surgery Y,0,6,361,0
5b0a8d5a-2907-4d68-9b81-94da33c60bc5,32,Female,Diabetes,Lifestyle Change,1,8,400,0
dbe87eca-3968-4387-a17b-07985cb1b744,49,Female,Cancer,Lifestyle Change,6,9,30,1
f4d49788-a26f-4977-8295-a8f1dacca1dc,21,Male,Hypertension,Lifestyle Change,6,2,397,1
48bff7d0-994e-429b-82f2-15ecc7144cf3,69,Female,Diabetes,Surgery Y,1,18,273,0
8ae9cc1a-14a7-4f99-b355-672779691c79,32,Male,Cancer,Medication A,3,4,90,0
cbeb611b-318b-406c-a7d7-4a605e2d3ec6,25,Female,Asthma,Lifestyle Change,0,12,184,1
e9c73473-6edf-443c-add1-9b33acd276bc,48,Male,Asthma,Therapy X,10,12,304,0
8c48dea6-9f62-457b-ba0c-e6ff1f915e7a,54,Female,Asthma,Medication B,1,8,117,0
479375fd-f3be-462c-b48c-1e361eee21ab,79,Female,Heart Disease,Medication A,3,2,133,0
d96f0333-fdee-4a41-89c3-2fd11772c7b8,22,Female,Asthma,Therapy X,5,16,103,1
24617e92-dc86-49e6-9fdf-ab690be4055c,23,Female,Asthma,Lifestyle Change,2,17,367,1
4097515c-c6e0-413f-aeed-89e767e836d4,43,Male,Asthma,Medication A,10,16,183,0
7cd52fa8-4e37-4a77-b7a0-6e7926cfa75e,46,Female,Diabetes,Therapy X,3,20,94,0
4ea39443-9580-47aa-847c-9b2c04aab8e4,45,Female,Asthma,Lifestyle Change,6,15,52,1
a1536d62-4edf-4ea6-b986-91d6be2f7a6f,50,Male,Hypertension,Lifestyle Change,1,18,134,0
7f77ab75-b44e-490b-afa4-b17990638379,58,Female,Heart Disease,Lifestyle Change,6,19,262,0
7342c250-e750-47b7-9101-0ee284adeccc,63,Female,Asthma,Lifestyle Change,4,15,362,1
4a771161-7704-4c6c-a103-33e9fe876f47,73,Female,Cancer,Lifestyle Change,5,11,319,0
4e2d5038-7b52-4159-a4be-f0442d52d8df,69,Female,Heart Disease,Medication B,9,9,320,0
b2789dc3-c9df-4385-974a-a8d8bae0a37e,26,Female,Diabetes,Surgery Y,5,9,71,1
251b2c76-ec08-493c-8894-f728715fd292,39,Male,Asthma,Lifestyle Change,8,8,278,1
3cce2f3e-d973-4f5b-9f53-a75d5c1ac280,39,Female,Hypertension,Medication A,7,11,160,0
545f206d-3054-4a52-b3ab-9ef0b6d33901,55,Female,Heart Disease,Lifestyle Change,2,2,349,0
5d2728ee-b944-4faa-9d3c-c7edeb9d6003,64,Female,Diabetes,Therapy X,5,5,125,1
b37301cc-ace5-4bc5-81eb-99089c4ae0ad,27,Female,Diabetes,Lifestyle Change,2,20,319,0
437c3306-feff-424f-beb9-f5a06cbf2fbd,72,Female,Hypertension,Medication A,10,2,177,1
9aadeb7e-15c2-4e00-9285-f501cd2257a4,60,Male,Heart Disease,Medication A,3,17,157,0
4f3eb290-5b1b-444e-b397-317ebbd9fdff,28,Male,Diabetes,Therapy X,10,17,29,1
dd73d711-c802-44dc-9ab4-67933fb3bb61,79,Male,Hypertension,Therapy X,5,7,164,0
312cbab7-5d76-468d-aa1c-4ce13e32d851,51,Male,Cancer,Medication B,1,4,106,0
36d5254a-c6d9-41b9-9b4f-bb034dd0bcbd,56,Female,Diabetes,Lifestyle Change,9,6,116,0
287fc467-9419-44a4-8aad-e889d754fb93,53,Male,Diabetes,Surgery Y,0,14,334,1
0a5f0c23-15c7-421f-ac13-e8706fd636fa,34,Female,Hypertension,Medication B,1,14,367,0
7e394f48-5801-42d0-b361-1b2c92c10282,54,Male,Diabetes,Lifestyle Change,0,6,214,1
eecb4e14-a7bd-499e-8741-f9d1bbb81e86,21,Female,Hypertension,Medication A,0,1,386,0
63cd990e-a66a-4e46-825d-7b652b62933d,50,Female,Heart Disease,Medication B,3,20,372,1
77622d8b-0d1f-41d4-8ea1-c0c3f01de35d,82,Male,Asthma,Medication B,1,6,274,1
eaf76a72-93a4-4398-a02f-3fd05cae66f3,45,Female,Asthma,Lifestyle Change,7,4,280,1
e3170f96-27c5-4478-a438-c52b95b4dbf2,42,Male,Cancer,Medication A,7,4,375,1
c56126b7-dae2-4519-8497-e3749bc65755,22,Female,Heart Disease,Therapy X,4,19,397,1
829762f1-865d-4a31-b528-6017c88df17f,72,Male,Asthma,Medication B,0,10,69,1
0bbc74df-aa25-4296-bea3-dd06de20160a,47,Female,Diabetes,Lifestyle Change,1,3,127,1
b3fe1aec-859f-4342-a0af-48856d92c27d,65,Female,Hypertension,Medication A,3,18,271,1
52a1de85-27aa-41fd-adf7-ceeedce8e2d5,39,Female,Diabetes,Medication B,0,20,280,0
af2b2f57-219f-4fa1-b9cb-4341eea8edf0,43,Female,Heart Disease,Medication A,10,4,109,1
54900030-d3f0-408f-a777-0aef2dbc436b,29,Female,Diabetes,Medication B,10,2,67,0
828049f5-44a7-4c7a-9fbd-1b1684712591,79,Female,Diabetes,Surgery Y,8,12,87,1
7aa3c930-7b08-49b5-9948-eb6d60969845,55,Male,Heart Disease,Surgery Y,8,11,47,0
f822d41f-28b5-44ef-902e-80f0102d77aa,56,Female,Cancer,Surgery Y,9,18,56,0
eaf7ed99-63e0-4ce0-88c9-9be9f231d960,62,Male,Heart Disease,Therapy X,9,7,252,0
23b6c411-3385-45ab-8608-8a3c6126b572,84,Female,Hypertension,Lifestyle Change,5,3,228,1
8d7d247c-0d6d-4af5-b119-9b8088d53cc7,76,Male,Cancer,Therapy X,10,18,201,1
e8f21188-0617-4822-9621-401ee9d867a4,47,Female,Asthma,Therapy X,5,19,78,1
0a1d3aa2-dc21-4eaa-a43c-0c8959e441af,27,Male,Diabetes,Medication A,5,12,42,0
c2b7839c-2041-4a68-8352-aff82ccc027d,51,Male,Cancer,Surgery Y,4,12,213,0
3d73c788-b26d-4b59-a381-51c60483a493,67,Male,Heart Disease,Therapy X,4,15,183,1
5a3b0cb9-5237-44aa-a2ac-48b20c8fb3f1,21,Female,Diabetes,Therapy X,0,8,93,1
b7b5950a-489f-4a62-9fb3-786c5c8552d3,67,Male,Diabetes,Medication A,2,20,266,0
0ff53918-6463-409a-acac-22cd551246fe,63,Female,Heart Disease,Medication A,1,3,154,0
312b3518-64ae-4ce3-b9fe-cf4df3529bec,40,Female,Cancer,Therapy X,2,6,130,0
b5ed2e85-0dae-4398-8473-18d298ae4f32,46,Female,Hypertension,Medication A,10,3,99,1
04623fbd-827d-4a9c-a314-a09e7f1b9078,50,Male,Heart Disease,Medication A,7,17,358,1
4e98b179-3dc1-4ae3-ac14-e76950d85a24,43,Male,Hypertension,Medication A,9,19,323,1
c2ec9688-42da-4d9b-ad10-48b7acc0ada2,38,Male,Cancer,Medication A,4,17,272,0
551fa2d5-d8ad-4793-a4c0-1c6253e0d556,74,Male,Diabetes,Medication B,1,9,339,1
413be9ea-3553-4b8d-b99d-97a126f23d0e,74,Male,Asthma,Therapy X,7,17,299,1
52225160-d516-4c25-b113-6e27f792c44c,53,Female,Heart Disease,Surgery Y,5,18,63,0
f4535150-36b9-4d6a-9dcc-df7b70d60372,81,Female,Hypertension,Therapy X,3,16,366,0
4d3cefc0-625c-4b8e-b108-c70e10f4db66,22,Female,Hypertension,Therapy X,10,18,343,1
3707c3c0-6832-4b6d-bbef-9ed25ae40311,29,Male,Cancer,Therapy X,5,6,143,1
dafb0ff9-b0d7-4c32-aecb-7a8d60b91688,61,Male,Hypertension,Lifestyle Change,6,4,63,1
8d0cb8bf-1a57-4e51-b855-65a64d721b65,83,Male,Hypertension,Medication A,0,16,323,1
e19924cf-2253-4529-9eea-6305741dc6f7,67,Male,Heart Disease,Therapy X,0,17,67,1
0e641cbb-dfcb-4860-8c99-6b96149471ec,29,Male,Hypertension,Therapy X,7,4,110,1
6b1ce41e-373b-4fed-9404-d11fc53a03bd,59,Male,Diabetes,Surgery Y,0,5,13,1
59270285-8f82-4111-88af-895573f1e349,42,Male,Asthma,Medication B,3,2,135,1
e144031d-9b3f-4286-bb22-ef2cb5baebbf,59,Female,Asthma,Medication B,6,14,162,1
06049e73-4e41-40d3-8e1b-e55114c1a3fb,56,Female,Asthma,Lifestyle Change,4,9,56,0
08d10e33-0cbd-4093-ab9c-edbfb20c9371,85,Male,Cancer,Therapy X,8,7,160,1
0a7fdbb1-3cea-4874-8837-6097eaf9e8d2,27,Male,Diabetes,Surgery Y,3,19,280,0
ce3869ae-57f1-49c4-91d0-52730a7682c7,30,Female,Cancer,Surgery Y,5,7,243,0
cb4df27b-b3cc-49ad-8659-6d28e7bec0cb,78,Female,Asthma,Medication B,6,12,291,0
ec3f07c2-3c48-4aad-addf-287aaf6a56b6,30,Male,Hypertension,Therapy X,4,4,373,1
3b905a51-5fcd-4a85-a109-3d24a10ddbb9,59,Female,Diabetes,Lifestyle Change,1,2,167,0
03f96e29-22f6-411d-a64a-1eb09d32a639,80,Male,Hypertension,Surgery Y,1,14,304,1
674db0d9-7e46-4471-903f-c0dbd451a5d3,73,Female,Asthma,Medication B,4,15,189,0
25235afc-777c-44d2-b83b-0b51841bea9f,81,Male,Diabetes,Lifestyle Change,3,2,41,1
da08c91b-2aa5-4893-8747-d149a57394fc,82,Male,Cancer,Lifestyle Change,6,7,196,0
046fe153-319d-45db-877f-fc006de960b9,78,Male,Diabetes,Medication B,3,10,12,1
e0126228-4a1a-447d-b1b0-d583cae3fcff,25,Female,Heart Disease,Medication B,3,18,21,1
56331948-5e2f-4ed2-bbcd-022ce5be8c4b,84,Female,Diabetes,Medication B,0,4,342,0
9f29a2f9-d213-418a-bafd-78b5ba58362b,55,Female,Hypertension,Medication B,3,10,88,0
cfc4f946-3369-4995-a4fb-2e83b7696ce9,57,Female,Diabetes,Medication B,6,18,223,1
de0468bb-ab2e-44a1-b12d-31ab8278a8fb,76,Male,Diabetes,Medication B,0,6,397,0
76622c39-1e1a-455e-925b-71a40ca41b1c,49,Male,Diabetes,Therapy X,9,10,342,1
7c988766-7bba-49ac-b8d9-be364a0e25bb,22,Female,Hypertension,Medication B,7,10,278,1
3b889e7f-4ab2-4ed0-91bc-33e822c55e96,39,Male,Asthma,Medication A,1,1,16,0
2a9fbb67-fa08-40fb-b423-69aed80f5da6,45,Female,Diabetes,Lifestyle Change,4,20,271,0
6281fe09-3df9-4671-97c4-212b6b0e37d3,65,Female,Cancer,Medication B,1,20,136,0
18a0823a-4dcb-4090-9255-879a41710866,58,Female,Cancer,Medication A,8,15,89,1
9e82bf93-ca91-46b9-92e6-b1d2652bb1ba,41,Female,Asthma,Medication A,8,5,395,1
0d74a29c-4339-4e57-bd98-026df6080219,32,Female,Asthma,Therapy X,5,12,59,1
9bde53bb-fa34-4124-8e1e-480610123231,47,Female,Cancer,Medication B,0,12,307,0
c2abd6c1-1307-417f-9f82-89a897cd17f3,43,Male,Asthma,Medication A,8,8,17,0
e9bc3274-328a-46c9-a71f-5bcb862f40a5,83,Female,Hypertension,Surgery Y,0,17,397,1
971b0588-9dab-4cc7-b217-55e6256cb3b4,46,Female,Heart Disease,Therapy X,1,11,251,0
06f8c71c-bfc1-4e92-8a64-8287becc8738,44,Female,Cancer,Medication A,1,12,90,0
7ef2e659-41d9-4317-94dc-92a0ecf585ef,22,Male,Diabetes,Medication B,0,1,166,0
04d5c969-1411-4857-ab41-4da0b1836549,51,Male,Diabetes,Medication A,4,3,265,0
623365fa-c6d4-44f3-849a-7c29e1530934,23,Female,Cancer,Therapy X,7,1,388,1
e00fd303-e8e3-49f6-8393-39cb83ead372,22,Male,Hypertension,Therapy X,9,13,170,1
30b90fa1-9594-4535-af92-6c2d1efe38a7,51,Female,Asthma,Lifestyle Change,10,16,346,1
e1671228-0769-4898-af90-ac096c9b1c5c,55,Male,Asthma,Therapy X,10,13,16,0
d3f1f9c3-b865-4027-8b46-4e937461b5b0,31,Male,Hypertension,Therapy X,1,8,364,0
c9e185a6-1adb-43ad-8c44-9616efc1458a,46,Male,Cancer,Medication A,3,20,31,0
a75dcff0-0631-4b79-a4d2-38b206962683,52,Female,Cancer,Surgery Y,9,14,149,0
88a0d621-0fc3-405d-bba4-e2a731d4883a,46,Male,Cancer,Surgery Y,5,19,35,0
bf7ca873-f756-488c-a773-dcce4389c68b,65,Male,Asthma,Lifestyle Change,4,16,174,0
4468ba2b-6fb8-4e55-8c27-6174e2764b87,28,Male,Asthma,Medication B,4,14,63,0
c918efcf-bf7e-4a7a-acb4-b93847733d7f,49,Female,Diabetes,Medication B,8,4,87,1
58418aa4-639e-4eee-9802-7742b8bee79d,42,Female,Hypertension,Lifestyle Change,0,8,184,0
295e8a0a-bbb5-48d1-905a-f2d99bfee95f,28,Female,Diabetes,Surgery Y,3,1,367,1
12f14342-165c-4791-912f-b7e8ef87685d,73,Female,Hypertension,Medication B,3,6,358,1
1a3b2a5d-cad1-4841-903c-bed3fa48966d,32,Female,Cancer,Surgery Y,0,7,227,0
3ba892d7-3ff8-4604-9321-99676dd97dcb,76,Male,Diabetes,Therapy X,1,19,332,0
8f1ed4ed-2814-44d8-a432-949100101f42,75,Female,Heart Disease,Lifestyle Change,0,11,67,0
fcd62186-e5a9-4870-b062-c9d93c7f19e9,38,Male,Heart Disease,Medication B,9,12,265,0
be2a805d-b083-422f-8529-19c71aa53144,51,Female,Heart Disease,Therapy X,5,19,351,0
da325f6b-7f2e-4c4a-8f81-2a36928700dc,51,Female,Diabetes,Therapy X,7,7,20,1
38a33ec6-7edd-471e-80bd-0e4b8f454461,64,Female,Asthma,Medication A,5,12,379,0
1d213f9f-2607-42c9-b9bb-6e47f9268e9e,46,Male,Heart Disease,Surgery Y,6,11,140,0
a3b9a7df-7bbf-433c-812b-1d4c4a52bec7,85,Female,Diabetes,Lifestyle Change,2,5,324,0
ee1f2809-a202-4bfb-a30b-25f5a2f1e366,55,Male,Hypertension,Therapy X,10,9,174,0
5b05e102-1646-47ab-96df-141a9a865b9e,58,Male,Hypertension,Surgery Y,2,4,281,1
9436430b-d956-4ccc-a859-8a3be5e923f3,79,Male,Asthma,Surgery Y,8,20,357,1
5dbb3258-dc50-40b0-9d03-1162ffb4e0e8,20,Male,Diabetes,Medication A,2,19,178,0
845c290d-e077-4f2d-b11d-ad06085f3ef6,27,Male,Diabetes,Therapy X,9,12,366,1
d910f3fe-73a3-445f-9dd9-026172e1b633,45,Female,Heart Disease,Surgery Y,0,19,354,0
52a038d5-ddf1-40e8-9570-0e5a81027f6e,82,Male,Asthma,Medication B,2,2,364,0
4d3c4a32-a889-4045-927b-edc77740f4c6,45,Male,Cancer,Surgery Y,2,6,50,1
b7dde782-3072-4bc2-9a56-35554b099140,25,Female,Diabetes,Therapy X,4,12,243,1
1a76db21-7c6f-4849-b60b-92c851ace66c,34,Female,Asthma,Lifestyle Change,2,11,135,0
214b3c12-1f18-4acd-b647-5684695a4419,60,Female,Diabetes,Medication A,1,13,109,0
f17c847e-3fd8-4823-ab6f-1ef91c1db8d4,66,Male,Cancer,Surgery Y,8,7,348,1
41ba7fad-b26d-41e2-9bd7-267ef1c45746,84,Male,Asthma,Medication A,7,4,125,1
c6dd183e-d4fa-435f-884d-2fde504c3397,78,Female,Hypertension,Medication A,4,4,147,0
32d6c1cf-ba8b-4aed-9752-cf123ddaf6bd,54,Female,Diabetes,Therapy X,5,9,284,1
411ed0c0-0733-44df-96f0-0ff93e7ae1ee,30,Male,Cancer,Lifestyle Change,7,18,267,0
5a9870e5-398f-4305-9f9a-6046f4d50417,55,Female,Cancer,Surgery Y,5,8,47,1
12088662-6abc-492d-8a07-e1f99536b4e0,24,Female,Hypertension,Therapy X,2,12,174,0
8f1f7037-c45f-44b2-a036-4a63cf65f7ac,29,Female,Asthma,Lifestyle Change,1,7,197,1
83eb419a-6f1d-4308-94a3-d1385bfe104d,68,Female,Heart Disease,Medication B,7,19,195,1
f9ccbe00-6f6d-48ba-acc6-7e769b2447c8,41,Female,Heart Disease,Medication B,3,7,203,0
c226166e-5ac0-4089-b719-225f3a43b05e,28,Female,Diabetes,Surgery Y,10,5,160,0
49ac2f7f-e95a-43d2-b298-7227320598ab,30,Male,Asthma,Medication A,8,5,112,0
9380a709-7e35-45eb-b47e-0d6a996aadd6,75,Female,Cancer,Medication A,5,6,287,1
4c5b73d2-03bb-4d30-9757-f0aabef9712c,35,Female,Cancer,Therapy X,9,3,339,0
611715a9-3460-4d33-be02-18339b3f908e,65,Female,Diabetes,Surgery Y,6,4,369,0
33509cb3-be19-4659-bab7-29c2c8623b70,37,Female,Asthma,Therapy X,8,8,276,1
bf29b41b-195c-4c24-b62b-a8472b74c2bd,71,Female,Hypertension,Medication A,7,9,36,0
8e2aa742-2442-4562-99da-9a9062d192cc,75,Male,Hypertension,Therapy X,4,14,24,0
bb380fac-4866-4efb-9e13-7f21b1de7fb8,72,Male,Cancer,Medication A,7,6,299,0
9163459c-b33a-4b01-8b26-266158869ea1,50,Male,Heart Disease,Medication B,8,7,253,0
84995db5-c344-40e0-8427-5cb3dcca135b,41,Male,Heart Disease,Medication B,7,16,102,0
8e14c7d7-7c28-45ea-8a4b-791b1f1829d2,20,Female,Asthma,Medication A,9,16,12,0
b91f80fc-e475-46bc-b2a5-9aae840288e0,56,Female,Heart Disease,Lifestyle Change,9,5,191,1
085daf88-8b6b-44e9-86cb-471e5a356504,58,Male,Diabetes,Medication B,10,14,141,0
4812e32a-c257-4220-a575-2e593e5717dd,31,Male,Heart Disease,Medication A,4,6,297,1
5e153d98-3869-45d2-9561-7575bc7e355e,49,Male,Asthma,Surgery Y,6,18,228,0
be488181-79f6-4f39-a64e-047dcf4730ac,21,Male,Asthma,Medication A,0,10,47,1
d540e0da-dd12-4029-9903-5fff5fd58ce5,24,Female,Diabetes,Lifestyle Change,0,16,53,1
d60478dd-3eca-4a38-aeef-3de54388ccad,64,Female,Asthma,Lifestyle Change,5,19,287,0
79e9de8f-b3e9-40d4-9254-ecd8f720819f,82,Female,Heart Disease,Therapy X,5,9,371,0
1c6f2d3e-412e-48bc-9c70-6527c718f555,28,Male,Cancer,Medication A,4,6,172,1
a8c2bb00-7f1e-4572-b044-17ce0ec6f2d6,61,Female,Cancer,Therapy X,5,3,287,0
a147f2d0-6e69-4d45-bc9b-96e4df685ba2,84,Female,Cancer,Lifestyle Change,6,20,76,1
8ced3483-f519-4e57-920f-4db94240440a,54,Female,Heart Disease,Therapy X,3,15,204,1
38a593da-18b7-4bdf-8e43-7d9368bc4e20,35,Male,Diabetes,Therapy X,7,18,135,1
9062e3d6-892a-4163-b0e6-40e68a6b29d8,34,Female,Asthma,Surgery Y,2,18,117,0
f9276de0-3a16-4a21-9a0d-95f168661422,81,Male,Diabetes,Medication A,0,6,98,1
feed3286-bc04-415a-8ca6-f4a2252703ac,71,Female,Cancer,Medication B,3,3,283,1
5fbfd696-00a5-4cf1-8cb6-2566e2998cc7,57,Male,Diabetes,Medication A,3,2,131,0
84bbbe1c-d4c8-44fb-9353-b3b136e7c5bd,24,Female,Hypertension,Surgery Y,9,3,359,1
1afdea54-812b-4edf-bb13-33d388d8c0b3,40,Male,Cancer,Medication A,6,6,258,1
e40b23d1-d532-4bfd-b3a0-89c0bc267a9b,27,Female,Hypertension,Surgery Y,4,16,233,1
4daf737f-2c26-41d9-aa31-dde5c3d62390,40,Female,Diabetes,Therapy X,1,19,131,1
5affd0cb-22ae-41fa-98f8-2750191b6783,84,Male,Cancer,Surgery Y,5,7,116,0
faf530e0-42a0-4343-bed4-89e53c004ff1,33,Female,Heart Disease,Surgery Y,9,20,342,1
0d42825a-5abe-468d-b12a-0ee7eb97ab59,51,Female,Asthma,Therapy X,7,4,86,1
00527d1f-23fd-47db-a481-517af286ff6c,62,Male,Cancer,Medication A,4,15,39,1
59d3194f-5681-4130-b41b-a60d4ec20314,67,Male,Cancer,Therapy X,3,17,157,0
825b91f7-314a-42a3-add6-ff026b869efc,55,Male,Heart Disease,Lifestyle Change,9,6,322,0
7e3bbaca-76d6-446a-9323-66e51fac4df5,36,Female,Diabetes,Medication B,8,7,70,1
8ff326b1-d149-40a6-a23e-850e13e66a95,31,Male,Asthma,Lifestyle Change,1,12,304,0
754013ac-f3d8-436c-9f53-91e7bcee4d7e,52,Female,Heart Disease,Medication B,3,2,86,1
ef3b6676-a3e6-43fa-ac9f-106a720807a5,67,Male,Hypertension,Surgery Y,5,5,356,0
62f63e37-93ea-49ad-b96b-bd27f8e0a48f,60,Male,Asthma,Medication B,3,7,145,1
d7c3cf3b-eb17-47a8-ba07-6890ba5938c8,56,Female,Cancer,Medication B,3,9,311,0
86e8998b-9855-4460-8f8e-b1aaf622f65c,56,Male,Diabetes,Therapy X,6,10,397,1
7435dd73-1e38-4f98-831a-140687f711a8,39,Female,Asthma,Surgery Y,7,7,54,0
cf96a899-f74c-42fc-ae79-cb6126d33286,34,Male,Heart Disease,Medication A,1,4,117,0
adc25abb-4fff-43b6-9bf1-757ced3f0b94,25,Female,Heart Disease,Surgery Y,2,14,54,1
86398075-f492-4547-8467-d511602a52b2,57,Female,Heart Disease,Therapy X,7,8,65,1
1d5c18b7-5094-43da-9fe5-a88483063411,31,Female,Asthma,Medication B,2,12,205,1
d05b538b-66e0-49f4-992b-8cb8882b46f2,48,Male,Asthma,Medication A,9,15,150,1
cc5398e4-b4c5-4ca9-b9dc-20547db8e0e3,82,Female,Heart Disease,Medication A,2,10,269,1
bbee8c3e-0a5c-4b09-aa8b-804c7354d7f2,61,Male,Asthma,Lifestyle Change,10,5,111,0
2ae3832a-38f9-469f-8135-3df694740059,48,Female,Asthma,Lifestyle Change,7,12,100,0
8abb1dc4-20b2-44df-a26a-f00fa141c642,58,Female,Heart Disease,Therapy X,0,13,10,1
936ecf32-b2d9-4997-aa3f-35bf733eef82,55,Male,Asthma,Medication A,8,6,166,0
4c881911-7256-4ae3-a773-8f900013310b,54,Male,Hypertension,Therapy X,0,10,297,1
b2669eb5-b60d-44b4-9114-66a04e94657e,81,Female,Hypertension,Medication A,1,14,48,1
87407472-3f42-4ce2-b258-ca6a0bbbc39e,39,Female,Cancer,Surgery Y,8,9,195,0
eccd1d66-b955-4e6b-bb5f-6e6b152c07f4,38,Female,Hypertension,Therapy X,10,7,277,1
b2f0ef01-22c6-416f-9d3c-966c1c2f4dcb,53,Female,Heart Disease,Medication A,8,12,256,1
daa5ae05-769c-40a0-9a79-70ecb32bd2f5,73,Female,Cancer,Medication B,8,10,110,1
6b8b3ac5-4fa2-4446-8c6f-e5d1247ea4fc,45,Female,Asthma,Lifestyle Change,1,20,228,1
58e4667f-41b0-42b6-9589-e998252edd40,74,Male,Cancer,Therapy X,1,19,39,1
ccb2dc65-8d39-4683-906d-13b98fb5f937,65,Female,Heart Disease,Medication A,5,20,76,0
c27b1da0-af69-45c7-8463-6c483dda46e7,35,Male,Asthma,Lifestyle Change,6,12,88,0
86953968-2b5d-4c44-b9a1-0fcc5c94d1ff,85,Male,Hypertension,Medication A,3,14,204,0
974998e6-c102-41c0-9fb2-cf694cd6eddf,61,Female,Heart Disease,Medication A,3,15,24,0
661ac125-8139-4148-86f3-57e4e87bc8a1,73,Male,Asthma,Medication A,1,16,62,1
65d4cf19-f3ef-4646-b299-d6bec91f38ef,54,Male,Heart Disease,Surgery Y,4,19,363,1
b53c55da-dd48-4cb2-9975-b9243955c8be,56,Male,Diabetes,Surgery Y,6,12,305,0
ae608636-d13c-4912-8067-c668962e95f2,50,Male,Diabetes,Surgery Y,2,10,288,1
136d62de-9c79-4127-ae7c-73187ee6ff08,53,Female,Asthma,Therapy X,7,3,312,0
158048d7-2ad9-4fc2-b005-8347db57be73,57,Male,Asthma,Therapy X,0,19,206,1
3b5a98a5-8e7d-4d9e-8f4c-9dc700f0ecb4,71,Female,Hypertension,Medication B,10,11,315,1
3561cc72-0a99-4542-8545-237fb13e745a,73,Female,Hypertension,Medication B,4,17,177,1
c82171f5-d468-415a-b4ec-7954600f0db7,80,Male,Heart Disease,Medication B,2,19,256,1
cd212818-a077-4702-a67b-661347637f71,35,Male,Asthma,Medication A,0,16,126,1
77ff5f89-22ee-4e9c-85c1-9882f11c493e,55,Male,Hypertension,Lifestyle Change,4,5,24,0
01ec770d-b5b1-49ad-a869-f06a55dfbae6,42,Male,Diabetes,Medication B,6,11,136,0
0eb12d91-d701-4ab9-986b-ca7fc9b153c3,71,Female,Diabetes,Surgery Y,5,6,200,0
c92ebd94-32ae-4e72-9821-6a4f848e0d78,50,Female,Hypertension,Medication B,0,19,388,0
56d4ff8b-b7be-4e1f-95f8-fbc69ca49e98,84,Male,Cancer,Medication B,9,16,26,0
97bff638-4f4b-46bb-b120-78752372a1c1,40,Male,Heart Disease,Therapy X,9,11,185,1
bcbab71e-0294-4bb3-9f4b-c15c46c8cf3f,25,Female,Diabetes,Surgery Y,4,10,342,1
54631f2e-5b4e-4efb-8b49-1020cf967fb3,82,Female,Diabetes,Medication A,7,5,337,1
a6d070cc-8e76-4ddd-8e7d-4c934261b3d7,59,Female,Cancer,Surgery Y,6,16,125,0
dfda5056-2cc7-45e7-b21c-9a8f80ad8720,58,Male,Asthma,Lifestyle Change,1,7,126,1
dca73575-c304-4146-983c-1450cb66ef96,26,Male,Cancer,Therapy X,0,11,320,0
7f86b231-a372-406d-a5a0-35a46dd7fe57,74,Male,Asthma,Surgery Y,5,11,51,0
7d9a8d70-80e5-4b09-ab51-08e1a8bc2f50,85,Male,Heart Disease,Therapy X,6,1,326,0
6ff0cba3-d74f-4586-b66f-aa04333efe1c,63,Female,Cancer,Medication A,8,11,284,1
13c1154a-76f0-47d5-ab7c-bd175608f677,57,Male,Asthma,Therapy X,3,3,288,1
d6767dd9-caac-4680-9c49-e885fdaae2ad,57,Female,Heart Disease,Therapy X,6,15,180,1
fd34dd68-f5e6-4483-85b7-c4fbc899e586,56,Male,Hypertension,Surgery Y,1,18,319,1
97ab6adc-98f8-452e-8c24-a02af18fa8be,27,Male,Heart Disease,Lifestyle Change,9,20,26,0
716d2982-62f5-4829-a17f-bc8e3d50b185,57,Female,Diabetes,Medication B,4,18,229,0
a223b17c-f8b1-49b9-bcfd-d384e188b318,22,Male,Cancer,Medication B,7,17,353,1
42c3a3dc-e1fa-48c8-b8af-fb5f7f285684,25,Male,Hypertension,Medication B,0,16,326,1
d9c7a7ee-f8b6-450e-b6e0-c3935304e926,68,Female,Hypertension,Surgery Y,8,2,108,1
80dc6b7e-ed93-4abb-a71f-8ca47b915e18,35,Female,Hypertension,Surgery Y,9,11,346,1
66f4c190-08dc-4c8f-8678-7a9a90dd0e39,74,Female,Cancer,Medication A,1,19,154,1
d92e833d-388a-4e85-98e2-b42950911a91,34,Female,Heart Disease,Medication B,9,14,84,1
d53ce687-56b3-4b39-a059-117c96ef8301,57,Male,Hypertension,Medication A,10,17,374,1
4c5315e5-7e23-40ac-b378-c64a44d3e27d,62,Male,Heart Disease,Surgery Y,2,19,312,1
7cc8f2f5-8c13-4c43-ab63-68adf99b4803,50,Female,Diabetes,Medication A,1,14,324,1
19de2638-28d4-4518-8f0b-a1c854f32247,28,Female,Diabetes,Medication B,10,15,91,1
a994816d-1c17-413f-be31-d61ff4ea43b9,41,Female,Cancer,Surgery Y,3,14,376,0
3be7fb7e-9b6f-46fa-b9c2-4a90721c9a62,67,Female,Asthma,Medication B,3,1,257,1
7a37f71d-7504-4a36-8a90-42ca9b3f7f63,70,Female,Heart Disease,Surgery Y,4,7,279,0
9bf7dd16-a7b6-4151-9daf-7da32c1e244d,21,Male,Cancer,Lifestyle Change,8,10,115,0
0f4be95b-36e2-44a0-9a3e-3416d4ec92e9,24,Female,Cancer,Surgery Y,7,12,137,0
b4e247bb-e34c-43f3-bd69-821ca92de82c,58,Female,Asthma,Lifestyle Change,0,5,18,0
571dbc21-a3bd-42db-b7b0-1fb2150ac0aa,83,Male,Cancer,Medication B,3,3,95,1
c106d82c-acd4-4528-9ac3-8ba631d55426,74,Female,Diabetes,Medication A,7,6,378,0
6492b826-b448-46a6-a427-98a4bb21ce95,73,Female,Heart Disease,Lifestyle Change,2,18,57,1
70ad0cf8-ad68-4360-97dc-eb8464045afe,82,Female,Asthma,Medication A,10,7,212,0
f7b8b036-2c37-4263-8866-eeb40fa4e389,69,Male,Asthma,Lifestyle Change,0,10,291,0
e40d92dd-fb4a-4973-a84b-9aca4647cd0d,75,Female,Diabetes,Therapy X,5,9,144,1
c6564dda-942c-4ffa-9885-0f63afb59e67,59,Female,Asthma,Medication B,0,20,100,1
23e64cb2-fb79-4209-8f08-d705df888a2f,85,Female,Cancer,Lifestyle Change,7,19,399,0
87436018-b6bb-492a-87b0-e2fa5b95a044,22,Female,Asthma,Surgery Y,4,6,189,0
1b7e1a9c-13d3-4fd9-aea1-c3b890b2395d,52,Female,Hypertension,Lifestyle Change,8,20,204,0
272fe6b6-ca8f-4f00-b68a-a52f74cabb78,42,Male,Cancer,Lifestyle Change,4,20,17,1
97189ec6-675c-4a9c-abfa-aeb446ed702f,60,Female,Cancer,Medication B,9,15,327,1
5e597669-447e-4e5c-a776-88e173f20aca,39,Female,Cancer,Medication A,3,11,241,0
ec8976a3-b83f-4b3d-b6fa-823757d585b3,39,Male,Cancer,Surgery Y,9,9,302,1
45e417fb-0c4b-4892-aed2-df33457c70e1,44,Female,Cancer,Medication B,10,16,326,0
c79d13e0-d6ed-4b8c-9cbc-367f9659040e,51,Female,Cancer,Surgery Y,5,2,73,0
681ee896-8728-40ad-92f3-0c420e5c235f,48,Male,Heart Disease,Lifestyle Change,0,14,359,1
3e763ccd-21f5-4db0-acc6-e7c580b27e01,42,Male,Heart Disease,Medication B,5,2,243,1
d86823a4-cc65-41d4-bc19-cd13f98efb0c,28,Male,Heart Disease,Medication B,8,9,46,1
684fb807-5409-48ca-96b7-c2a4be8f6090,27,Male,Cancer,Surgery Y,6,14,29,0
56c23f3d-fac3-4695-bfd6-9cd5c125666c,20,Female,Asthma,Surgery Y,5,7,281,1
839006c2-b448-4b4c-b62d-6aa07e29935c,29,Female,Hypertension,Medication B,10,15,354,0
63013a55-3d2d-461c-95a6-039a3498980b,28,Male,Heart Disease,Therapy X,0,19,50,0
44487e7f-922e-417e-9094-79e8e974297b,70,Male,Hypertension,Therapy X,4,17,94,1
c60b9be9-8aa9-438c-8920-dfe3702a5bfe,35,Female,Diabetes,Medication A,9,19,192,1
29966651-de4e-48c1-8986-5a691d003eae,58,Female,Cancer,Therapy X,0,7,193,0
6dbf012c-218f-4949-af17-cce723491121,46,Female,Heart Disease,Lifestyle Change,10,3,323,0
121feb01-7af0-4615-93b6-574e68db0208,81,Male,Cancer,Therapy X,3,14,378,0
e2dd00e9-2723-4006-8dbb-6c8b264fa2b8,35,Female,Hypertension,Medication B,9,18,215,0
4d493d97-bf3d-48ca-a0aa-b66d4fd270e6,26,Female,Cancer,Medication A,0,13,392,1
c2545c30-26f3-4653-bf3a-03ee210d1523,65,Male,Hypertension,Surgery Y,5,4,225,1
8db9a041-2160-4091-8511-e9d7372f8640,23,Female,Diabetes,Surgery Y,3,17,334,1
07ed69cb-40bc-436a-966a-a7feecd45eb2,27,Male,Heart Disease,Medication B,4,8,30,1
efab4c57-863e-4e37-bfcd-18f7383c5f0f,59,Female,Hypertension,Medication A,9,8,148,1
9d09f9b4-f1d6-4ae7-bc00-2740c05cc584,41,Male,Diabetes,Lifestyle Change,9,1,375,0
8a83aa6d-df65-4dbb-a554-37aeda923091,50,Male,Asthma,Medication A,1,7,275,1
ff823636-709f-4c1e-b132-c525cb807403,46,Male,Asthma,Medication A,5,7,229,1
b28bfa94-13ed-4a17-8a1f-04d667b370e2,41,Female,Hypertension,Medication B,9,14,207,0
5f105c63-d6b7-4bb1-9f6f-3229920074aa,63,Male,Asthma,Medication A,10,2,205,0
d75ba4de-071f-4e40-b7f9-183564e69aad,34,Male,Cancer,Medication A,4,16,309,0
ab852412-ae9f-4387-aab7-92d73392463d,29,Male,Diabetes,Medication B,3,1,282,1
de454571-c5b9-4463-b83f-386aa757a60d,47,Female,Diabetes,Medication B,2,18,139,1
0a6e3de9-3031-45d3-83b6-67078392db55,70,Male,Cancer,Therapy X,5,17,298,0
af289ab9-2989-453e-9b17-b56d760111e2,55,Male,Heart Disease,Therapy X,3,18,106,1
62506c1a-761c-4f7a-b465-3d3c84bda136,69,Male,Cancer,Medication B,3,18,162,1
22213814-1678-4cd1-bdd6-52a22336e4b6,67,Male,Heart Disease,Medication B,4,8,88,0
0c5cf919-1616-4f05-bbca-ce80db0fdbcb,51,Male,Diabetes,Lifestyle Change,4,15,97,0
db53b9ad-94ed-4700-9577-17ae8b4c1c87,68,Male,Heart Disease,Medication A,7,13,326,0
14d5aa6c-5656-4f85-807c-6b8b97e45ccb,37,Female,Asthma,Surgery Y,8,8,104,0
8e72b989-5ad2-4c5e-9fc4-f20f7cc2c7ff,78,Female,Diabetes,Therapy X,7,19,277,0
4c3309cf-e402-417e-b48a-e9b7332ede9a,29,Female,Heart Disease,Lifestyle Change,10,18,221,0
0de9afeb-918c-4e89-b24b-e88f9f85316f,32,Female,Diabetes,Lifestyle Change,10,1,189,0
e723a727-0c42-4957-afd9-c78f9c3791b0,54,Male,Cancer,Surgery Y,6,8,392,1
dd8d34d9-2e41-44a9-9802-f407590fa3a9,41,Male,Diabetes,Surgery Y,5,18,113,1
57c64ba7-6621-4cb7-a596-c649f1135906,53,Female,Heart Disease,Medication A,4,4,309,1
ed846522-2622-400e-adab-ddab40fab8f1,54,Female,Asthma,Medication B,6,11,80,0
6938378f-e91a-41d2-a565-9b2a284da09e,66,Male,Hypertension,Medication B,0,8,333,0
aeeb8f17-3700-4468-bb3c-c4569e09bc8a,42,Male,Diabetes,Lifestyle Change,8,7,95,1
60e571ec-7dc3-419d-9d11-15b2f4800208,69,Male,Asthma,Surgery Y,0,19,369,0
dda32b70-b97a-4519-91ff-f874b8ce8bc8,65,Male,Diabetes,Surgery Y,1,7,307,1
b143a7db-5a27-40bd-81ed-da04c2f18d29,63,Male,Hypertension,Surgery Y,8,1,57,1
2197b270-efc6-4e5a-bb98-901f50f040be,40,Female,Asthma,Therapy X,9,16,79,1
0d3fb7b6-0c3e-41ca-bbad-c5b80d378648,55,Female,Diabetes,Medication B,3,13,118,1
f622aa79-9a04-4b1f-9f83-c04247c0689d,58,Male,Asthma,Therapy X,2,13,353,0
2fd9b39a-a1d7-413e-bb9f-b1d6a4974183,36,Male,Cancer,Therapy X,10,4,329,0
0a3ac171-6109-4e56-92b4-20a887f6ffbf,69,Male,Diabetes,Therapy X,4,1,47,1
4e3560e6-03f5-4bce-ab56-ab81b2dd862f,49,Female,Asthma,Medication A,2,12,250,1
999fb967-96df-48ad-9335-adf3790ea561,67,Female,Heart Disease,Lifestyle Change,8,12,326,0
81557f18-4b33-4858-8769-8c8aa5981015,43,Male,Asthma,Surgery Y,6,3,328,0
9a3e81f0-6ca7-4441-8b12-f66acff5a9c4,27,Female,Cancer,Medication A,7,16,292,1
debcb313-0365-44ed-a753-1e8a0eee4a9e,54,Female,Heart Disease,Surgery Y,10,8,219,0
f2b3b87f-98c0-46e2-b5b0-bb011fc26185,44,Female,Asthma,Medication B,4,19,39,0
8b349905-9bb1-4a5e-a170-b128ace2c123,61,Female,Hypertension,Surgery Y,4,19,86,1
18c028ef-7f6a-41ab-9e98-4890460b1be8,44,Female,Asthma,Lifestyle Change,2,3,274,0
97ba0123-413c-4615-bb68-927f90618651,45,Female,Diabetes,Medication B,5,5,143,0
acbb5825-003d-4ec2-bf8c-e5c67fb34187,60,Male,Diabetes,Therapy X,9,7,16,1
f8e4188b-34bd-481c-9e01-937d24666c71,81,Male,Cancer,Therapy X,6,19,23,0
effb878e-5b1c-4906-8c6c-abaff6ea868c,64,Female,Hypertension,Therapy X,7,10,156,1
d34080af-53ec-49d1-83a5-d025caa43866,71,Male,Diabetes,Lifestyle Change,3,6,247,1
249da806-81a1-4ce9-b2c6-b6e743598b60,40,Female,Diabetes,Surgery Y,10,8,257,0
d03c863d-73dd-436a-892d-6c86cd921952,85,Female,Hypertension,Medication A,1,8,384,1
57600200-9fb7-4e24-9e2d-b782a1af88df,72,Female,Heart Disease,Medication A,2,17,257,0
7abf073e-53f6-4b2f-a4cf-391bf2849f60,33,Female,Cancer,Medication B,0,14,386,1
328470cc-e5bf-4c1b-98b2-c902544a1de9,61,Female,Diabetes,Therapy X,8,3,130,1
9970cdec-c124-4d13-ad4e-73f22c6ab45f,54,Male,Diabetes,Medication B,9,11,166,0
772c353f-5b5e-4d4c-b5a6-3285a4b3c237,49,Female,Hypertension,Surgery Y,3,18,273,0
f59330ee-7472-4e7c-bf1d-af34bebafbe8,76,Male,Asthma,Lifestyle Change,7,13,368,1
a5490fb3-a681-4014-aff4-7868acda933b,25,Female,Diabetes,Surgery Y,0,17,392,0
847b9580-2fde-4567-8b94-b6ee2ab31d16,61,Male,Cancer,Medication A,6,4,10,1
9847fbbc-751e-4080-bad6-0eee649cb3b5,53,Female,Diabetes,Medication B,0,2,374,1
32e7f076-f425-47d8-b751-8208a215ee41,58,Female,Cancer,Medication A,8,7,313,0
b83ac31a-6959-489d-985d-4c744e142488,52,Female,Heart Disease,Medication B,5,8,240,0
72a6017f-d488-4f56-8d62-df0529064b0d,55,Female,Asthma,Lifestyle Change,8,8,178,0
cfe3b139-9085-4e30-a659-c5c088790a8e,21,Male,Hypertension,Therapy X,6,11,174,0
775694e5-8fab-496d-adb3-794c9e34f344,68,Male,Heart Disease,Therapy X,3,2,317,1
